model,scoring,mean_fit_time,std_fit_time,mean_score_time,std_score_time,param_classifier__n_neighbors,param_classifier__p,param_classifier__weights,params,split0_test_accuracy,split1_test_accuracy,split2_test_accuracy,mean_test_accuracy,std_test_accuracy,rank_test_accuracy,split0_test_precision,split1_test_precision,split2_test_precision,mean_test_precision,std_test_precision,rank_test_precision,split0_test_recall,split1_test_recall,split2_test_recall,mean_test_recall,std_test_recall,rank_test_recall,split0_test_f1,split1_test_f1,split2_test_f1,mean_test_f1,std_test_f1,rank_test_f1,preproc_scaled
KNN,f1,0.08676377932230632,0.016612331442372227,0.080351988474528,0.009808235756651231,3,1,uniform,"{'classifier__n_neighbors': 3, 'classifier__p': 1, 'classifier__weights': 'uniform'}",0.8700440528634361,0.8675496688741722,0.8609271523178808,0.866173624685163,0.003847041469056997,1,0.8761682242990654,0.8723897911832946,0.8613636363636363,0.8699738839486654,0.006280733068106676,5,0.984251968503937,0.9868766404199475,0.994750656167979,0.9886264216972878,0.004461084438838811,7,0.927070457354759,0.9261083743842364,0.9232643118148599,0.9254810478512852,0.0016159290211169562,1,True
KNN,f1,0.10010997454325359,0.007705742219732528,0.08305708567301433,0.008188342375401142,3,1,distance,"{'classifier__n_neighbors': 3, 'classifier__p': 1, 'classifier__weights': 'distance'}",0.8678414096916299,0.8675496688741722,0.8609271523178808,0.865439410294561,0.0031928704130952247,2,0.8758782201405152,0.8723897911832946,0.8613636363636363,0.8698772158958153,0.006186170677969117,6,0.9816272965879265,0.9868766404199475,0.994750656167979,0.9877515310586177,0.005393188104084848,8,0.9257425742574258,0.9261083743842364,0.9232643118148599,0.9250384201521741,0.0012633415288008537,2,True
KNN,f1,0.09427849451700847,0.008987159174540535,0.07887887954711914,0.007080275088956173,6,1,uniform,"{'classifier__n_neighbors': 6, 'classifier__p': 1, 'classifier__weights': 'uniform'}",0.8678414096916299,0.8631346578366446,0.8609271523178808,0.8639677399487184,0.0028835462092944163,3,0.8741258741258742,0.8666666666666667,0.8581081081081081,0.8663002163002164,0.00654435743997728,7,0.984251968503937,0.989501312335958,1.0,0.9912510936132982,0.006547082041599193,6,0.9259259259259259,0.9240196078431373,0.9236363636363636,0.9245272991351422,0.0010012780850592057,3,True
KNN,f1,0.08966366449991862,0.012838178949856496,0.07555890083312988,0.009820397769947706,6,1,distance,"{'classifier__n_neighbors': 6, 'classifier__p': 1, 'classifier__weights': 'distance'}",0.8656387665198237,0.8675496688741722,0.8565121412803532,0.8632335255581164,0.004816336222274131,4,0.8703703703703703,0.8672768878718535,0.8542600896860987,0.8639691159761075,0.006980511066162209,8,0.9868766404199475,0.994750656167979,1.0,0.9938757655293088,0.005393188104084848,5,0.9249692496924969,0.9266503667481663,0.9214026602176542,0.9243407588861059,0.002187975697287866,4,True
KNN,f1,0.09706338246663411,0.015945681775967006,0.07336537043253581,0.012318739870650406,15,1,uniform,"{'classifier__n_neighbors': 15, 'classifier__p': 1, 'classifier__weights': 'uniform'}",0.8612334801762115,0.8609271523178808,0.847682119205298,0.8566142505664635,0.006317208622961742,5,0.8581081081081081,0.8581081081081081,0.8466666666666667,0.8542942942942943,0.005393547219861351,13,1.0,1.0,1.0,1.0,0.0,1,0.9236363636363636,0.9236363636363636,0.9169675090252708,0.9214134120993327,0.0031437282121672583,5,True
KNN,f1,0.09297267595926921,0.01044944147184855,0.08197363217671712,0.005489438199644487,15,1,distance,"{'classifier__n_neighbors': 15, 'classifier__p': 1, 'classifier__weights': 'distance'}",0.8612334801762115,0.8609271523178808,0.847682119205298,0.8566142505664635,0.006317208622961742,5,0.8581081081081081,0.8581081081081081,0.8466666666666667,0.8542942942942943,0.005393547219861351,13,1.0,1.0,1.0,1.0,0.0,1,0.9236363636363636,0.9236363636363636,0.9169675090252708,0.9214134120993327,0.0031437282121672583,5,True
KNN,f1,0.0967555046081543,0.01823723265140593,0.048200368881225586,0.0037380556509321603,15,2,distance,"{'classifier__n_neighbors': 15, 'classifier__p': 2, 'classifier__weights': 'distance'}",0.8546255506607929,0.8587196467991169,0.8454746136865342,0.8529399370488147,0.005537068747693015,7,0.8539325842696629,0.8561797752808988,0.844789356984479,0.8516339055116803,0.004926009220870685,15,0.9973753280839895,1.0,1.0,0.9991251093613299,0.0012372822068005885,3,0.9200968523002422,0.9225181598062954,0.9158653846153846,0.919493465573974,0.00274929216239101,7,True
KNN,f1,0.09654617309570312,0.014075414053397076,0.06429473559061687,0.008579382767922207,15,2,uniform,"{'classifier__n_neighbors': 15, 'classifier__p': 2, 'classifier__weights': 'uniform'}",0.8546255506607929,0.8587196467991169,0.8454746136865342,0.8529399370488147,0.005537068747693015,7,0.8539325842696629,0.8561797752808988,0.844789356984479,0.8516339055116803,0.004926009220870685,15,0.9973753280839895,1.0,1.0,0.9991251093613299,0.0012372822068005885,3,0.9200968523002422,0.9225181598062954,0.9158653846153846,0.919493465573974,0.00274929216239101,7,True
KNN,f1,0.08559950192769368,0.009306153185500514,0.06342371304829915,0.00531986882712963,6,2,distance,"{'classifier__n_neighbors': 6, 'classifier__p': 2, 'classifier__weights': 'distance'}",0.8480176211453745,0.8653421633554084,0.8410596026490066,0.8514731290499298,0.010209998033752835,9,0.8644859813084113,0.8636363636363636,0.8519362186788155,0.8600195212078635,0.005726272631724098,12,0.9711286089238845,0.9973753280839895,0.9816272965879265,0.9833770778652667,0.010786376208169702,9,0.9147095179233622,0.925700365408039,0.9121951219512195,0.9175350017608735,0.00586432260333734,9,True
KNN,f1,0.09247748057047527,0.00891761762143974,0.05315081278483073,0.001980318977664277,6,2,uniform,"{'classifier__n_neighbors': 6, 'classifier__p': 2, 'classifier__weights': 'uniform'}",0.8458149779735683,0.8631346578366446,0.8432671081677704,0.8507389146593277,0.008826616823574827,10,0.8658823529411764,0.8649885583524027,0.8555045871559633,0.8621251661498475,0.004695655215368458,11,0.9658792650918635,0.9921259842519685,0.979002624671916,0.979002624671916,0.010715178227397992,10,0.913151364764268,0.9242053789731052,0.9130966952264382,0.9168178129879371,0.005223845682923692,10,True
KNN,f1,0.0874491532643636,0.008965956643263119,0.05795884132385254,0.0074871990778850525,3,2,uniform,"{'classifier__n_neighbors': 3, 'classifier__p': 2, 'classifier__weights': 'uniform'}",0.8458149779735683,0.8498896247240618,0.847682119205298,0.8477955739676427,0.001665400957257413,11,0.8641686182669789,0.8631090487238979,0.8594470046082949,0.8622415571997238,0.002022838771603418,9,0.968503937007874,0.9763779527559056,0.979002624671916,0.9746281714785652,0.0044610844388388625,11,0.9133663366336634,0.916256157635468,0.9153374233128835,0.914986639194005,0.0012055575415993861,11,True
KNN,f1,0.09624663988749187,0.011578454356856114,0.05987874666849772,0.00965484983587729,3,2,distance,"{'classifier__n_neighbors': 3, 'classifier__p': 2, 'classifier__weights': 'distance'}",0.8458149779735683,0.8498896247240618,0.847682119205298,0.8477955739676427,0.001665400957257413,11,0.8641686182669789,0.8631090487238979,0.8594470046082949,0.8622415571997238,0.002022838771603418,9,0.968503937007874,0.9763779527559056,0.979002624671916,0.9746281714785652,0.0044610844388388625,11,0.9133663366336634,0.916256157635468,0.9153374233128835,0.914986639194005,0.0012055575415993861,11,True
KNN,f1,0.10120908419291179,0.010851118707974627,0.09615874290466309,0.013460013304637945,2,1,distance,"{'classifier__n_neighbors': 2, 'classifier__p': 1, 'classifier__weights': 'distance'}",0.8436123348017621,0.8565121412803532,0.8366445916114791,0.8455896892311981,0.008230525716947578,13,0.8875,0.8816425120772947,0.8698795180722891,0.8796740100498613,0.007326963719267943,3,0.931758530183727,0.958005249343832,0.94750656167979,0.9457567804024496,0.010786376208169695,13,0.9090909090909091,0.9182389937106918,0.907035175879397,0.9114550262269993,0.004869850844675281,13,True
KNN,f1,0.08968838055928548,0.015634296182887697,0.060210863749186196,0.008006539777258658,2,2,distance,"{'classifier__n_neighbors': 2, 'classifier__p': 2, 'classifier__weights': 'distance'}",0.8105726872246696,0.8344370860927153,0.8167770419426048,0.8205956050866631,0.010109845092686177,14,0.8772378516624041,0.8713592233009708,0.8669950738916257,0.8718640496183335,0.004196805239180127,4,0.9002624671916011,0.9422572178477691,0.9238845144356955,0.9221347331583551,0.017188873757120294,14,0.8886010362694301,0.905422446406053,0.8945362134688691,0.8961865653814507,0.0069657593901713685,14,True
KNN,f1,0.09418106079101562,0.007297617792994563,0.10000848770141602,0.002034885639767552,2,1,uniform,"{'classifier__n_neighbors': 2, 'classifier__p': 1, 'classifier__weights': 'uniform'}",0.8237885462555066,0.8167770419426048,0.8035320088300221,0.8146991990093778,0.008399202365260032,15,0.8992042440318302,0.8860103626943006,0.8782383419689119,0.8878176495650143,0.008654169580911487,1,0.889763779527559,0.8976377952755905,0.889763779527559,0.8923884514435695,0.0037118466204018176,15,0.8944591029023746,0.8917861799217731,0.8839634941329857,0.8900695923190445,0.004453422325088852,15,True
KNN,f1,0.09362991650899251,0.006685543072130571,0.05677111943562826,0.009447739661379701,2,2,uniform,"{'classifier__n_neighbors': 2, 'classifier__p': 2, 'classifier__weights': 'uniform'}",0.775330396475771,0.7902869757174393,0.8057395143487859,0.7904522955139988,0.012415020752569035,16,0.8821917808219178,0.8803191489361702,0.8885941644562334,0.8837016980714405,0.003542960912346815,2,0.8451443569553806,0.868766404199475,0.8792650918635171,0.8643919510061243,0.01426903449720043,16,0.8632707774798928,0.8745046235138706,0.8839050131926122,0.8738934713954585,0.008434968920942375,16,True
