model,scoring,mean_fit_time,std_fit_time,mean_score_time,std_score_time,param_classifier__n_neighbors,param_classifier__p,param_classifier__weights,params,split0_test_accuracy,split1_test_accuracy,split2_test_accuracy,mean_test_accuracy,std_test_accuracy,rank_test_accuracy,split0_test_precision,split1_test_precision,split2_test_precision,mean_test_precision,std_test_precision,rank_test_precision,split0_test_recall,split1_test_recall,split2_test_recall,mean_test_recall,std_test_recall,rank_test_recall,split0_test_f1,split1_test_f1,split2_test_f1,mean_test_f1,std_test_f1,rank_test_f1,preproc_scaled,param_classifier__max_depth,param_classifier__n_estimators,param_classifier__learning_rate
KNN,f1,0.08676377932230632,0.016612331442372227,0.080351988474528,0.009808235756651231,3.0,1.0,uniform,"{'classifier__n_neighbors': 3, 'classifier__p': 1, 'classifier__weights': 'uniform'}",0.8700440528634361,0.8675496688741722,0.8609271523178808,0.866173624685163,0.003847041469056997,1,0.8761682242990654,0.8723897911832946,0.8613636363636363,0.8699738839486654,0.006280733068106676,5,0.984251968503937,0.9868766404199475,0.994750656167979,0.9886264216972878,0.004461084438838811,7,0.927070457354759,0.9261083743842364,0.9232643118148599,0.9254810478512852,0.0016159290211169562,1,True,,,
KNN,f1,0.10010997454325359,0.007705742219732528,0.08305708567301433,0.008188342375401142,3.0,1.0,distance,"{'classifier__n_neighbors': 3, 'classifier__p': 1, 'classifier__weights': 'distance'}",0.8678414096916299,0.8675496688741722,0.8609271523178808,0.865439410294561,0.0031928704130952247,2,0.8758782201405152,0.8723897911832946,0.8613636363636363,0.8698772158958153,0.006186170677969117,6,0.9816272965879265,0.9868766404199475,0.994750656167979,0.9877515310586177,0.005393188104084848,8,0.9257425742574258,0.9261083743842364,0.9232643118148599,0.9250384201521741,0.0012633415288008537,2,True,,,
KNN,f1,0.09427849451700847,0.008987159174540535,0.07887887954711914,0.007080275088956173,6.0,1.0,uniform,"{'classifier__n_neighbors': 6, 'classifier__p': 1, 'classifier__weights': 'uniform'}",0.8678414096916299,0.8631346578366446,0.8609271523178808,0.8639677399487184,0.0028835462092944163,3,0.8741258741258742,0.8666666666666667,0.8581081081081081,0.8663002163002164,0.00654435743997728,7,0.984251968503937,0.989501312335958,1.0,0.9912510936132982,0.006547082041599193,6,0.9259259259259259,0.9240196078431373,0.9236363636363636,0.9245272991351422,0.0010012780850592057,3,True,,,
KNN,f1,0.08966366449991862,0.012838178949856496,0.07555890083312988,0.009820397769947706,6.0,1.0,distance,"{'classifier__n_neighbors': 6, 'classifier__p': 1, 'classifier__weights': 'distance'}",0.8656387665198237,0.8675496688741722,0.8565121412803532,0.8632335255581164,0.004816336222274131,4,0.8703703703703703,0.8672768878718535,0.8542600896860987,0.8639691159761075,0.006980511066162209,8,0.9868766404199475,0.994750656167979,1.0,0.9938757655293088,0.005393188104084848,5,0.9249692496924969,0.9266503667481663,0.9214026602176542,0.9243407588861059,0.002187975697287866,4,True,,,
KNN,f1,0.09706338246663411,0.015945681775967006,0.07336537043253581,0.012318739870650406,15.0,1.0,uniform,"{'classifier__n_neighbors': 15, 'classifier__p': 1, 'classifier__weights': 'uniform'}",0.8612334801762115,0.8609271523178808,0.847682119205298,0.8566142505664635,0.006317208622961742,5,0.8581081081081081,0.8581081081081081,0.8466666666666667,0.8542942942942943,0.005393547219861351,13,1.0,1.0,1.0,1.0,0.0,1,0.9236363636363636,0.9236363636363636,0.9169675090252708,0.9214134120993327,0.0031437282121672583,5,True,,,
KNN,f1,0.09297267595926921,0.01044944147184855,0.08197363217671712,0.005489438199644487,15.0,1.0,distance,"{'classifier__n_neighbors': 15, 'classifier__p': 1, 'classifier__weights': 'distance'}",0.8612334801762115,0.8609271523178808,0.847682119205298,0.8566142505664635,0.006317208622961742,5,0.8581081081081081,0.8581081081081081,0.8466666666666667,0.8542942942942943,0.005393547219861351,13,1.0,1.0,1.0,1.0,0.0,1,0.9236363636363636,0.9236363636363636,0.9169675090252708,0.9214134120993327,0.0031437282121672583,5,True,,,
KNN,f1,0.0967555046081543,0.01823723265140593,0.048200368881225586,0.0037380556509321603,15.0,2.0,distance,"{'classifier__n_neighbors': 15, 'classifier__p': 2, 'classifier__weights': 'distance'}",0.8546255506607929,0.8587196467991169,0.8454746136865342,0.8529399370488147,0.005537068747693015,7,0.8539325842696629,0.8561797752808988,0.844789356984479,0.8516339055116803,0.004926009220870685,15,0.9973753280839895,1.0,1.0,0.9991251093613299,0.0012372822068005885,3,0.9200968523002422,0.9225181598062954,0.9158653846153846,0.919493465573974,0.00274929216239101,7,True,,,
KNN,f1,0.09654617309570312,0.014075414053397076,0.06429473559061687,0.008579382767922207,15.0,2.0,uniform,"{'classifier__n_neighbors': 15, 'classifier__p': 2, 'classifier__weights': 'uniform'}",0.8546255506607929,0.8587196467991169,0.8454746136865342,0.8529399370488147,0.005537068747693015,7,0.8539325842696629,0.8561797752808988,0.844789356984479,0.8516339055116803,0.004926009220870685,15,0.9973753280839895,1.0,1.0,0.9991251093613299,0.0012372822068005885,3,0.9200968523002422,0.9225181598062954,0.9158653846153846,0.919493465573974,0.00274929216239101,7,True,,,
KNN,f1,0.08559950192769368,0.009306153185500514,0.06342371304829915,0.00531986882712963,6.0,2.0,distance,"{'classifier__n_neighbors': 6, 'classifier__p': 2, 'classifier__weights': 'distance'}",0.8480176211453745,0.8653421633554084,0.8410596026490066,0.8514731290499298,0.010209998033752835,9,0.8644859813084113,0.8636363636363636,0.8519362186788155,0.8600195212078635,0.005726272631724098,12,0.9711286089238845,0.9973753280839895,0.9816272965879265,0.9833770778652667,0.010786376208169702,9,0.9147095179233622,0.925700365408039,0.9121951219512195,0.9175350017608735,0.00586432260333734,9,True,,,
KNN,f1,0.09247748057047527,0.00891761762143974,0.05315081278483073,0.001980318977664277,6.0,2.0,uniform,"{'classifier__n_neighbors': 6, 'classifier__p': 2, 'classifier__weights': 'uniform'}",0.8458149779735683,0.8631346578366446,0.8432671081677704,0.8507389146593277,0.008826616823574827,10,0.8658823529411764,0.8649885583524027,0.8555045871559633,0.8621251661498475,0.004695655215368458,11,0.9658792650918635,0.9921259842519685,0.979002624671916,0.979002624671916,0.010715178227397992,10,0.913151364764268,0.9242053789731052,0.9130966952264382,0.9168178129879371,0.005223845682923692,10,True,,,
KNN,f1,0.0874491532643636,0.008965956643263119,0.05795884132385254,0.0074871990778850525,3.0,2.0,uniform,"{'classifier__n_neighbors': 3, 'classifier__p': 2, 'classifier__weights': 'uniform'}",0.8458149779735683,0.8498896247240618,0.847682119205298,0.8477955739676427,0.001665400957257413,11,0.8641686182669789,0.8631090487238979,0.8594470046082949,0.8622415571997238,0.002022838771603418,9,0.968503937007874,0.9763779527559056,0.979002624671916,0.9746281714785652,0.0044610844388388625,11,0.9133663366336634,0.916256157635468,0.9153374233128835,0.914986639194005,0.0012055575415993861,11,True,,,
KNN,f1,0.09624663988749187,0.011578454356856114,0.05987874666849772,0.00965484983587729,3.0,2.0,distance,"{'classifier__n_neighbors': 3, 'classifier__p': 2, 'classifier__weights': 'distance'}",0.8458149779735683,0.8498896247240618,0.847682119205298,0.8477955739676427,0.001665400957257413,11,0.8641686182669789,0.8631090487238979,0.8594470046082949,0.8622415571997238,0.002022838771603418,9,0.968503937007874,0.9763779527559056,0.979002624671916,0.9746281714785652,0.0044610844388388625,11,0.9133663366336634,0.916256157635468,0.9153374233128835,0.914986639194005,0.0012055575415993861,11,True,,,
KNN,f1,0.10120908419291179,0.010851118707974627,0.09615874290466309,0.013460013304637945,2.0,1.0,distance,"{'classifier__n_neighbors': 2, 'classifier__p': 1, 'classifier__weights': 'distance'}",0.8436123348017621,0.8565121412803532,0.8366445916114791,0.8455896892311981,0.008230525716947578,13,0.8875,0.8816425120772947,0.8698795180722891,0.8796740100498613,0.007326963719267943,3,0.931758530183727,0.958005249343832,0.94750656167979,0.9457567804024496,0.010786376208169695,13,0.9090909090909091,0.9182389937106918,0.907035175879397,0.9114550262269993,0.004869850844675281,13,True,,,
KNN,f1,0.08968838055928548,0.015634296182887697,0.060210863749186196,0.008006539777258658,2.0,2.0,distance,"{'classifier__n_neighbors': 2, 'classifier__p': 2, 'classifier__weights': 'distance'}",0.8105726872246696,0.8344370860927153,0.8167770419426048,0.8205956050866631,0.010109845092686177,14,0.8772378516624041,0.8713592233009708,0.8669950738916257,0.8718640496183335,0.004196805239180127,4,0.9002624671916011,0.9422572178477691,0.9238845144356955,0.9221347331583551,0.017188873757120294,14,0.8886010362694301,0.905422446406053,0.8945362134688691,0.8961865653814507,0.0069657593901713685,14,True,,,
KNN,f1,0.09418106079101562,0.007297617792994563,0.10000848770141602,0.002034885639767552,2.0,1.0,uniform,"{'classifier__n_neighbors': 2, 'classifier__p': 1, 'classifier__weights': 'uniform'}",0.8237885462555066,0.8167770419426048,0.8035320088300221,0.8146991990093778,0.008399202365260032,15,0.8992042440318302,0.8860103626943006,0.8782383419689119,0.8878176495650143,0.008654169580911487,1,0.889763779527559,0.8976377952755905,0.889763779527559,0.8923884514435695,0.0037118466204018176,15,0.8944591029023746,0.8917861799217731,0.8839634941329857,0.8900695923190445,0.004453422325088852,15,True,,,
KNN,f1,0.09362991650899251,0.006685543072130571,0.05677111943562826,0.009447739661379701,2.0,2.0,uniform,"{'classifier__n_neighbors': 2, 'classifier__p': 2, 'classifier__weights': 'uniform'}",0.775330396475771,0.7902869757174393,0.8057395143487859,0.7904522955139988,0.012415020752569035,16,0.8821917808219178,0.8803191489361702,0.8885941644562334,0.8837016980714405,0.003542960912346815,2,0.8451443569553806,0.868766404199475,0.8792650918635171,0.8643919510061243,0.01426903449720043,16,0.8632707774798928,0.8745046235138706,0.8839050131926122,0.8738934713954585,0.008434968920942375,16,True,,,
Random Forest,f1,0.3539284070332845,0.04314202837247711,0.0892949899037679,0.006609226604847033,,,,"{'classifier__max_depth': None, 'classifier__n_estimators': 100}",0.9118942731277533,0.9315673289183223,0.8984547461368654,0.9139721160609803,0.013597765945332838,1,0.9128329297820823,0.928921568627451,0.9016786570743405,0.9144777184946246,0.011182517751810363,1,0.989501312335958,0.994750656167979,0.9868766404199475,0.9903762029746281,0.003273541020799596,9,0.9496221662468514,0.9607097591888466,0.9423558897243107,0.9508959383866696,0.007546875851566589,1,False,,100.0,
Random Forest,f1,0.4018450578053792,0.00445914885831725,0.10493906339009602,0.025677844124459358,,,,"{'classifier__max_depth': 100, 'classifier__n_estimators': 100}",0.9118942731277533,0.9315673289183223,0.8984547461368654,0.9139721160609803,0.013597765945332838,1,0.9128329297820823,0.928921568627451,0.9016786570743405,0.9144777184946246,0.011182517751810363,1,0.989501312335958,0.994750656167979,0.9868766404199475,0.9903762029746281,0.003273541020799596,9,0.9496221662468514,0.9607097591888466,0.9423558897243107,0.9508959383866696,0.007546875851566589,1,False,100,100.0,
Random Forest,f1,1.6072925726572673,0.010347222622250891,0.10412319501241048,0.0036628675241727484,,,,"{'classifier__max_depth': 10, 'classifier__n_estimators': 500}",0.9118942731277533,0.9315673289183223,0.8940397350993378,0.9125004457151378,0.015326570792036153,5,0.9108433734939759,0.926829268292683,0.8954869358669834,0.9110531925512141,0.012796313753013681,6,0.9921259842519685,0.9973753280839895,0.989501312335958,0.9930008748906388,0.003273541020799636,1,0.949748743718593,0.9608091024020228,0.940149625935162,0.9502358240185925,0.00844122532121093,3,False,10,500.0,
Random Forest,f1,2.671290636062622,0.02396177441785324,0.26905043919881183,0.015954655301618523,,,,"{'classifier__max_depth': 10, 'classifier__n_estimators': 1000}",0.9096916299559471,0.9315673289183223,0.8962472406181016,0.9125020664974569,0.014555664980784113,3,0.9106280193236715,0.926829268292683,0.8957345971563981,0.9110639615909175,0.012698088504802734,4,0.989501312335958,0.9973753280839895,0.9921259842519685,0.9930008748906386,0.003273541020799636,2,0.9484276729559749,0.9608091024020228,0.9414694894146949,0.9502354215908975,0.007998171623156714,4,False,10,1000.0,
Random Forest,f1,4.116321802139282,0.05157388047345364,0.2646927833557129,0.020701672972194735,,,,"{'classifier__max_depth': 10, 'classifier__n_estimators': 1500}",0.9096916299559471,0.9315673289183223,0.8962472406181016,0.9125020664974569,0.014555664980784113,3,0.9106280193236715,0.926829268292683,0.8957345971563981,0.9110639615909175,0.012698088504802734,4,0.989501312335958,0.9973753280839895,0.9921259842519685,0.9930008748906386,0.003273541020799636,2,0.9484276729559749,0.9608091024020228,0.9414694894146949,0.9502354215908975,0.007998171623156714,4,False,10,1500.0,
Random Forest,f1,0.3996267318725586,0.010463085468845123,0.08757789929707845,0.006172301220690928,,,,"{'classifier__max_depth': 10, 'classifier__n_estimators': 100}",0.9096916299559471,0.9337748344370861,0.891832229580574,0.9117662313245357,0.017185720888115055,6,0.9106280193236715,0.9290953545232273,0.8952380952380953,0.9116538230283314,0.013841187485316802,3,0.989501312335958,0.9973753280839895,0.9868766404199475,0.9912510936132982,0.0044610844388388625,4,0.9484276729559749,0.9620253164556962,0.9388264669163545,0.9497598187760086,0.009517619252440133,6,False,10,100.0,
Random Forest,f1,4.3437018394470215,0.06581269060169916,0.3117118676503499,0.020389306738254447,,,,"{'classifier__max_depth': None, 'classifier__n_estimators': 1500}",0.9096916299559471,0.9315673289183223,0.891832229580574,0.9110303961516144,0.016249384625069717,7,0.9106280193236715,0.926829268292683,0.8952380952380953,0.9108984609514832,0.012898460056579547,7,0.989501312335958,0.9973753280839895,0.9868766404199475,0.9912510936132982,0.0044610844388388625,4,0.9484276729559749,0.9608091024020228,0.9388264669163545,0.9493544140914508,0.008998266595038463,7,False,,1500.0,
Random Forest,f1,1.4777581691741943,0.019851219067735973,0.16389973958333334,0.0037747264638724417,,,,"{'classifier__max_depth': None, 'classifier__n_estimators': 500}",0.9096916299559471,0.9315673289183223,0.891832229580574,0.9110303961516144,0.016249384625069717,7,0.9106280193236715,0.926829268292683,0.8952380952380953,0.9108984609514832,0.012898460056579547,7,0.989501312335958,0.9973753280839895,0.9868766404199475,0.9912510936132982,0.0044610844388388625,4,0.9484276729559749,0.9608091024020228,0.9388264669163545,0.9493544140914508,0.008998266595038463,7,False,,500.0,
Random Forest,f1,3.8827226956685386,0.014371467910261096,0.19739166895548502,0.009395988348946725,,,,"{'classifier__max_depth': 100, 'classifier__n_estimators': 1500}",0.9096916299559471,0.9315673289183223,0.891832229580574,0.9110303961516144,0.016249384625069717,7,0.9106280193236715,0.926829268292683,0.8952380952380953,0.9108984609514832,0.012898460056579547,7,0.989501312335958,0.9973753280839895,0.9868766404199475,0.9912510936132982,0.0044610844388388625,4,0.9484276729559749,0.9608091024020228,0.9388264669163545,0.9493544140914508,0.008998266595038463,7,False,100,1500.0,
Random Forest,f1,1.3801788489023845,0.02394333426818559,0.12554121017456055,0.004941605791777857,,,,"{'classifier__max_depth': 100, 'classifier__n_estimators': 500}",0.9096916299559471,0.9315673289183223,0.891832229580574,0.9110303961516144,0.016249384625069717,7,0.9106280193236715,0.926829268292683,0.8952380952380953,0.9108984609514832,0.012898460056579547,7,0.989501312335958,0.9973753280839895,0.9868766404199475,0.9912510936132982,0.0044610844388388625,4,0.9484276729559749,0.9608091024020228,0.9388264669163545,0.9493544140914508,0.008998266595038463,7,False,100,500.0,
Random Forest,f1,2.8712443510691323,0.011068048975872078,0.2528568108876546,0.001746855039769781,,,,"{'classifier__max_depth': None, 'classifier__n_estimators': 1000}",0.9096916299559471,0.9315673289183223,0.8896247240618101,0.9102945609786932,0.017128303475067636,11,0.9106280193236715,0.926829268292683,0.8949880668257757,0.9108151181473767,0.012999789285251726,11,0.989501312335958,0.9973753280839895,0.984251968503937,0.9903762029746281,0.005393188104084854,9,0.9484276729559749,0.9608091024020228,0.9375,0.9489122584526659,0.009522068438621882,11,False,,1000.0,
Random Forest,f1,2.9480831623077393,0.20288592787761833,0.25530433654785156,0.025048948283145533,,,,"{'classifier__max_depth': 100, 'classifier__n_estimators': 1000}",0.9096916299559471,0.9315673289183223,0.8896247240618101,0.9102945609786932,0.017128303475067636,11,0.9106280193236715,0.926829268292683,0.8949880668257757,0.9108151181473767,0.012999789285251726,11,0.989501312335958,0.9973753280839895,0.984251968503937,0.9903762029746281,0.005393188104084854,9,0.9484276729559749,0.9608091024020228,0.9375,0.9489122584526659,0.009522068438621882,11,False,100,1000.0,
XGBoost,f1,0.10613274574279785,0.008225447615560905,0.0179442564646403,0.00028369268558119446,,,,"{'classifier__learning_rate': 0.05, 'classifier__max_depth': 10, 'classifier__n_estimators': 100}",0.9008810572687225,0.9315673289183223,0.8874172185430463,0.9066218682433638,0.018475673095942186,3,0.9117647058823529,0.9331683168316832,0.8966346153846154,0.9138558793662171,0.014987941603404244,45,0.9763779527559056,0.989501312335958,0.979002624671916,0.9816272965879266,0.0056699393686857535,1,0.9429657794676806,0.9605095541401274,0.9360100376411543,0.946495123749654,0.010308533050063849,1,False,10,100.0,0.05
XGBoost,f1,0.11240466435750325,0.0032545631344840288,0.01978413263956706,0.0008397679841888703,,,,"{'classifier__learning_rate': 0.05, 'classifier__max_depth': 20, 'classifier__n_estimators': 100}",0.8942731277533039,0.9359823399558499,0.8896247240618101,0.9066267305903213,0.020844116118398256,1,0.9090909090909091,0.9356435643564357,0.8987951807228916,0.9145098847234121,0.015523633955584353,42,0.9711286089238845,0.9921259842519685,0.979002624671916,0.9807524059492563,0.008660975447604257,2,0.9390862944162437,0.9630573248407643,0.9371859296482412,0.9464431829684165,0.011773561601564321,2,False,20,100.0,0.05
XGBoost,f1,0.16715145111083984,0.008869329409657017,0.020098765691121418,0.002062320675540598,,,,"{'classifier__learning_rate': 0.2, 'classifier__max_depth': 15, 'classifier__n_estimators': 500}",0.8964757709251101,0.9293598233995585,0.8940397350993378,0.9066251098080021,0.016106602563414476,2,0.9154228855721394,0.9395465994962217,0.9012048192771084,0.9187247681151565,0.015826135532479333,5,0.9658792650918635,0.979002624671916,0.9816272965879265,0.9755030621172353,0.006888895777788105,7,0.9399744572158365,0.9588688946015425,0.9396984924623115,0.9461806147598969,0.008972676046057095,3,False,15,500.0,0.2
XGBoost,f1,0.12477850914001465,0.016645691473232395,0.021590550740559895,0.0042355911835824855,,,,"{'classifier__learning_rate': 0.05, 'classifier__max_depth': 15, 'classifier__n_estimators': 100}",0.8920704845814978,0.9359823399558499,0.8896247240618101,0.9058925161997192,0.021300133902336024,6,0.9088669950738916,0.9356435643564357,0.8987951807228916,0.9144352467177397,0.015550024949135897,43,0.968503937007874,0.9921259842519685,0.979002624671916,0.9798775153105862,0.009663482954669548,4,0.9377382465057179,0.9630573248407643,0.9371859296482412,0.9459938336649077,0.012067817030133307,4,False,15,100.0,0.05
XGBoost,f1,0.24899633725484213,0.010917420823400942,0.01822352409362793,0.00027043527016511556,,,,"{'classifier__learning_rate': 0.2, 'classifier__max_depth': 20, 'classifier__n_estimators': 1000}",0.8920704845814978,0.9315673289183223,0.8940397350993378,0.9058925161997192,0.01817262580553521,6,0.9108910891089109,0.9396984924623115,0.9012048192771084,0.9172648002827769,0.01634847320941021,16,0.9658792650918635,0.9816272965879265,0.9816272965879265,0.9763779527559056,0.007423693240803635,5,0.9375796178343949,0.9602053915275995,0.9396984924623115,0.9458278339414354,0.01020320306014434,5,False,20,1000.0,0.2
XGBoost,f1,0.37452054023742676,0.0514387701442542,0.018726030985514324,0.0003747391161738292,,,,"{'classifier__learning_rate': 0.2, 'classifier__max_depth': 20, 'classifier__n_estimators': 1500}",0.8898678414096917,0.9315673289183223,0.8962472406181016,0.9058941369820386,0.018339552370273654,4,0.9106699751861043,0.9396984924623115,0.9014423076923077,0.9172702584469078,0.016300444219535873,15,0.963254593175853,0.9816272965879265,0.984251968503937,0.9763779527559056,0.009341275811051002,5,0.9362244897959183,0.9602053915275995,0.9410288582183187,0.9458195798472788,0.010359670916934818,6,False,20,1500.0,0.2
XGBoost,f1,0.40215253829956055,0.07372592651159793,0.026355663935343426,0.005281033642338735,,,,"{'classifier__learning_rate': 0.2, 'classifier__max_depth': 15, 'classifier__n_estimators': 1500}",0.8898678414096917,0.9315673289183223,0.8962472406181016,0.9058941369820386,0.018339552370273654,4,0.912718204488778,0.9396984924623115,0.9014423076923077,0.917953001547799,0.016050674824360074,9,0.9606299212598425,0.9816272965879265,0.984251968503937,0.9755030621172353,0.010571343808919154,7,0.9360613810741688,0.9602053915275995,0.9410288582183187,0.9457652102733624,0.010410189985004441,7,False,15,1500.0,0.2
XGBoost,f1,0.2918252944946289,0.02729723876064835,0.021196842193603516,0.0011644946742930735,,,,"{'classifier__learning_rate': 0.1, 'classifier__max_depth': 10, 'classifier__n_estimators': 1000}",0.8942731277533039,0.9315673289183223,0.8896247240618101,0.9051550602444788,0.01877245973217582,10,0.913151364764268,0.9396984924623115,0.8987951807228916,0.9172150126498236,0.01694412687661773,17,0.9658792650918635,0.9816272965879265,0.979002624671916,0.9755030621172353,0.006888895777788105,7,0.9387755102040817,0.9602053915275995,0.9371859296482412,0.9453889437933075,0.010496889513347365,8,False,10,1000.0,0.1
XGBoost,f1,0.2534739176432292,0.013381590272760998,0.01851050059000651,0.0006075315014177286,,,,"{'classifier__learning_rate': 0.2, 'classifier__max_depth': 15, 'classifier__n_estimators': 1000}",0.8898678414096917,0.9315673289183223,0.8940397350993378,0.9051583018091173,0.01875151031926891,8,0.912718204488778,0.9396984924623115,0.9012048192771084,0.9178738387427327,0.016132289406502295,10,0.9606299212598425,0.9816272965879265,0.9816272965879265,0.9746281714785651,0.009898257654404864,12,0.9360613810741688,0.9602053915275995,0.9396984924623115,0.94532175502136,0.0106285502789998,9,False,15,1000.0,0.2
XGBoost,f1,0.34274959564208984,0.021645677545182564,0.021207332611083984,0.00039493963864433476,,,,"{'classifier__learning_rate': 0.05, 'classifier__max_depth': 10, 'classifier__n_estimators': 1000}",0.8898678414096917,0.9315673289183223,0.8940397350993378,0.9051583018091173,0.01875151031926891,8,0.912718204488778,0.9375,0.9051094890510949,0.918442564513291,0.01382901594837142,6,0.9606299212598425,0.984251968503937,0.9763779527559056,0.9737532808398951,0.009820623062398828,13,0.9360613810741688,0.9603072983354674,0.9393939393939394,0.9452542062678585,0.010730740012866424,10,False,10,1000.0,0.05
XGBoost,f1,0.27235960960388184,0.01642059908923571,0.019823551177978516,0.00019344314412701567,,,,"{'classifier__learning_rate': 0.1, 'classifier__max_depth': 15, 'classifier__n_estimators': 1000}",0.8986784140969163,0.9293598233995585,0.8874172185430463,0.9051518186798404,0.01772426304453955,12,0.9197994987468672,0.9395465994962217,0.8985507246376812,0.9192989409602567,0.016740238099214332,1,0.963254593175853,0.979002624671916,0.9763779527559056,0.9728783902012248,0.006888895777788105,20,0.941025641025641,0.9588688946015425,0.9358490566037736,0.9452478640769857,0.009860649437109792,11,False,15,1000.0,0.1
XGBoost,f1,0.9692586263020834,0.005417172330657127,0.020940701166788738,0.0004228854890535713,,,,"{'classifier__learning_rate': 0.05, 'classifier__max_depth': 5, 'classifier__n_estimators': 100}",0.8986784140969163,0.9293598233995585,0.8852097130242825,0.9044159835069191,0.018475169617411944,14,0.9095354523227384,0.9308641975308642,0.8963855421686747,0.9122617306740924,0.014207248481742377,48,0.9763779527559056,0.989501312335958,0.9763779527559056,0.9807524059492563,0.006186411034002995,2,0.9417721518987342,0.9592875318066157,0.9346733668341709,0.9452443501798403,0.010344286667855826,12,False,5,100.0,0.05
XGBoost,f1,0.21064058939615884,0.033898492043125436,0.0345458984375,0.015932116790214012,,,,"{'classifier__learning_rate': 0.1, 'classifier__max_depth': 10, 'classifier__n_estimators': 500}",0.8964757709251101,0.9315673289183223,0.8874172185430463,0.9051534394621595,0.01904003693915247,11,0.9175,0.9396984924623115,0.9004854368932039,0.9192279764518384,0.016055224668417883,3,0.963254593175853,0.9816272965879265,0.973753280839895,0.9728783902012248,0.007526093846931403,20,0.939820742637644,0.9602053915275995,0.935687263556116,0.9452377992404531,0.010717369903884683,13,False,10,500.0,0.1
XGBoost,f1,1.0754471619923909,0.01026305683385633,0.0199582576751709,0.0006908439885537272,,,,"{'classifier__learning_rate': 0.05, 'classifier__max_depth': 5, 'classifier__n_estimators': 500}",0.9008810572687225,0.9249448123620309,0.8874172185430463,0.9044143627245999,0.015522956334497434,15,0.917910447761194,0.9370277078085643,0.8985507246376812,0.9178296267358131,0.015708266560672507,11,0.968503937007874,0.9763779527559056,0.9763779527559056,0.9737532808398951,0.0037118466204018696,13,0.9425287356321839,0.9562982005141388,0.9358490566037736,0.9448919975833654,0.008513934732900479,14,False,5,500.0,0.05
XGBoost,f1,0.15764562288920084,0.0032192583472265596,0.01902619997660319,0.00041989721388887994,,,,"{'classifier__learning_rate': 0.2, 'classifier__max_depth': 20, 'classifier__n_estimators': 500}",0.8898678414096917,0.9293598233995585,0.8940397350993378,0.9044224666361959,0.017715435755236042,13,0.912718204488778,0.9395465994962217,0.9012048192771084,0.917823207754036,0.016063806550678194,12,0.9606299212598425,0.979002624671916,0.9816272965879265,0.9737532808398951,0.009341275811051023,13,0.9360613810741688,0.9588688946015425,0.9396984924623115,0.9448762560460077,0.010005085211092071,15,False,20,500.0,0.2
XGBoost,f1,0.4557794729868571,0.07739586780599834,0.027451038360595703,0.005353526343555298,,,,"{'classifier__learning_rate': 0.1, 'classifier__max_depth': 15, 'classifier__n_estimators': 1500}",0.9008810572687225,0.9271523178807947,0.8852097130242825,0.9044143627245999,0.0173043098893653,15,0.92,0.9393939393939394,0.8983050847457628,0.9192330080465675,0.016783219825512636,2,0.9658792650918635,0.9763779527559056,0.973753280839895,0.9720034995625547,0.004461084438838848,26,0.942381562099872,0.9575289575289575,0.9345088161209067,0.944806445249912,0.009553071803707066,16,False,15,1500.0,0.1
XGBoost,f1,0.4481533368428548,0.08131341658561887,0.02766553560892741,0.005284491035481962,,,,"{'classifier__learning_rate': 0.1, 'classifier__max_depth': 10, 'classifier__n_estimators': 1500}",0.8920704845814978,0.9337748344370861,0.8852097130242825,0.9036850106809555,0.021460283732922775,17,0.9108910891089109,0.9398496240601504,0.8983050847457628,0.9163485993049413,0.017393974049768054,19,0.9658792650918635,0.984251968503937,0.973753280839895,0.9746281714785652,0.00752609384693145,10,0.9375796178343949,0.9615384615384616,0.9345088161209067,0.9445422984979212,0.012083311476753556,17,False,10,1500.0,0.1
XGBoost,f1,0.0802466869354248,0.004718508919937231,0.01776742935180664,0.0003383570978304179,,,,"{'classifier__learning_rate': 0.2, 'classifier__max_depth': 5, 'classifier__n_estimators': 100}",0.8942731277533039,0.9227373068432672,0.891832229580574,0.902947554725715,0.014028903797233028,18,0.9152119700748129,0.9390862944162437,0.9029126213592233,0.9190702952834267,0.015017737527573145,4,0.963254593175853,0.9711286089238845,0.9763779527559056,0.9702537182852143,0.005393188104084848,41,0.9386189258312021,0.9548387096774194,0.9382093316519546,0.9438889890535253,0.0077444271642652975,18,False,5,100.0,0.2
XGBoost,f1,0.4074247678120931,0.06170529590887537,0.02632602055867513,0.003458970332846026,,,,"{'classifier__learning_rate': 0.1, 'classifier__max_depth': 5, 'classifier__n_estimators': 1500}",0.8942731277533039,0.9293598233995585,0.8830022075055187,0.9022117195527937,0.01974036588083795,22,0.9111111111111111,0.9395465994962217,0.8961352657004831,0.915597658769272,0.01800431074118955,28,0.968503937007874,0.979002624671916,0.973753280839895,0.9737532808398951,0.004286071290959214,13,0.9389312977099237,0.9588688946015425,0.9333333333333333,0.9437111752149331,0.010959064559921376,19,False,5,1500.0,0.1
XGBoost,f1,0.09106310208638509,0.001878011351555297,0.019636233647664387,0.0012130659258172878,,,,"{'classifier__learning_rate': 0.2, 'classifier__max_depth': 20, 'classifier__n_estimators': 100}",0.8898678414096917,0.9315673289183223,0.8852097130242825,0.9022149611174322,0.020842195368255347,19,0.9106699751861043,0.9375,0.8983050847457628,0.9154916866439556,0.016360460903935264,30,0.963254593175853,0.984251968503937,0.973753280839895,0.9737532808398951,0.008572142581918383,13,0.9362244897959183,0.9603072983354674,0.9345088161209067,0.9436802014174308,0.011777977980992527,20,False,20,100.0,0.2
XGBoost,f1,0.08930778503417969,0.0032080722738428635,0.019135316212972004,0.001357532880747071,,,,"{'classifier__learning_rate': 0.2, 'classifier__max_depth': 15, 'classifier__n_estimators': 100}",0.8898678414096917,0.9315673289183223,0.8852097130242825,0.9022149611174322,0.020842195368255347,19,0.912718204488778,0.9375,0.8983050847457628,0.916174429744847,0.016186814906217675,22,0.9606299212598425,0.984251968503937,0.973753280839895,0.9728783902012248,0.009663482954669548,20,0.9360613810741688,0.9603072983354674,0.9345088161209067,0.9436258318435143,0.011812595191154756,21,False,15,100.0,0.2
XGBoost,f1,0.4891948699951172,0.03877472636762213,0.026769638061523438,0.004142782758886029,,,,"{'classifier__learning_rate': 0.05, 'classifier__max_depth': 10, 'classifier__n_estimators': 1500}",0.8898678414096917,0.9293598233995585,0.8874172185430463,0.9022149611174322,0.01922037199337089,19,0.9106699751861043,0.9395465994962217,0.9004854368932039,0.9169006705251767,0.01654407808010873,18,0.963254593175853,0.979002624671916,0.973753280839895,0.9720034995625547,0.006547082041599182,26,0.9362244897959183,0.9588688946015425,0.935687263556116,0.943593549317859,0.010803526682215016,22,False,10,1500.0,0.05
XGBoost,f1,0.0818937619527181,0.0019500381885166243,0.018324534098307293,0.0007492439136364395,,,,"{'classifier__learning_rate': 0.1, 'classifier__max_depth': 5, 'classifier__n_estimators': 100}",0.8920704845814978,0.9315673289183223,0.8807947019867549,0.9014775051621916,0.02176899842340368,28,0.9108910891089109,0.9375,0.8939759036144578,0.9141223309077895,0.017914936677097273,44,0.9658792650918635,0.984251968503937,0.973753280839895,0.9746281714785652,0.00752609384693145,10,0.9375796178343949,0.9603072983354674,0.9321608040201005,0.9433492400633209,0.012193514425289988,23,False,5,100.0,0.1
XGBoost,f1,0.4048004150390625,0.07141113941162328,0.026060740152994793,0.004933203983945797,,,,"{'classifier__learning_rate': 0.2, 'classifier__max_depth': 10, 'classifier__n_estimators': 1500}",0.8876651982378855,0.9315673289183223,0.8852097130242825,0.9014807467268301,0.02129803078350385,26,0.9104477611940298,0.9375,0.8963855421686747,0.9147777677875681,0.017061875209874997,35,0.9606299212598425,0.984251968503937,0.9763779527559056,0.9737532808398951,0.009820623062398828,13,0.9348659003831418,0.9603072983354674,0.9346733668341709,0.9432821885175934,0.012038827199935835,24,False,10,1500.0,0.2
XGBoost,f1,0.20106991132100424,0.01568157521121337,0.01914048194885254,0.0004654461131454381,,,,"{'classifier__learning_rate': 0.1, 'classifier__max_depth': 15, 'classifier__n_estimators': 500}",0.8920704845814978,0.9271523178807947,0.8852097130242825,0.9014775051621916,0.018369622617999473,28,0.9129353233830846,0.9371859296482412,0.8963855421686747,0.9155022650666669,0.016755293627704164,29,0.963254593175853,0.979002624671916,0.9763779527559056,0.9728783902012248,0.006888895777788105,20,0.9374201787994891,0.9576379974326059,0.9346733668341709,0.9432438476887554,0.010239788543698855,25,False,15,500.0,0.1
XGBoost,f1,0.25106287002563477,0.01252092903155381,0.018984238306681316,0.0009156723357443393,,,,"{'classifier__learning_rate': 0.1, 'classifier__max_depth': 5, 'classifier__n_estimators': 1000}",0.8942731277533039,0.9271523178807947,0.8830022075055187,0.9014758843798725,0.018729973105576784,31,0.913151364764268,0.9393939393939394,0.8961352657004831,0.9162268566195634,0.017793673033660504,20,0.9658792650918635,0.9763779527559056,0.973753280839895,0.9720034995625547,0.004461084438838848,26,0.9387755102040817,0.9575289575289575,0.9333333333333333,0.9432126003554574,0.010364133162419504,26,False,5,1000.0,0.1
XGBoost,f1,0.26892820994059247,0.004165170949840852,0.03346896171569824,0.019139549831897293,,,,"{'classifier__learning_rate': 0.1, 'classifier__max_depth': 20, 'classifier__n_estimators': 1000}",0.8876651982378855,0.9293598233995585,0.8874172185430463,0.9014807467268301,0.019713744115466985,26,0.9104477611940298,0.9395465994962217,0.8985507246376812,0.9161816951093109,0.017220606599127806,21,0.9606299212598425,0.979002624671916,0.9763779527559056,0.9720034995625547,0.008113402008307728,26,0.9348659003831418,0.9588688946015425,0.9358490566037736,0.9431946171961526,0.011090653066866045,27,False,20,1000.0,0.1
XGBoost,f1,0.5380756855010986,0.09974659780165505,0.029439290364583332,0.004968116692292214,,,,"{'classifier__learning_rate': 0.05, 'classifier__max_depth': 20, 'classifier__n_estimators': 1500}",0.8854625550660793,0.9271523178807947,0.891832229580574,0.9014823675091493,0.01833672003416828,23,0.9102244389027432,0.9371859296482412,0.9009661835748792,0.9161255173752879,0.015364125894629843,23,0.958005249343832,0.979002624671916,0.979002624671916,0.9720034995625547,0.009898257654404864,26,0.9335038363171355,0.9576379974326059,0.9383647798742139,0.9431688712079852,0.010421896927280332,28,False,20,1500.0,0.05
XGBoost,f1,0.46008745829264325,0.049311841665368374,0.022321144739786785,0.001738967328119223,,,,"{'classifier__learning_rate': 0.05, 'classifier__max_depth': 15, 'classifier__n_estimators': 1500}",0.8854625550660793,0.9271523178807947,0.891832229580574,0.9014823675091493,0.01833672003416828,23,0.9102244389027432,0.9371859296482412,0.9009661835748792,0.9161255173752879,0.015364125894629843,23,0.958005249343832,0.979002624671916,0.979002624671916,0.9720034995625547,0.009898257654404864,26,0.9335038363171355,0.9576379974326059,0.9383647798742139,0.9431688712079852,0.010421896927280332,28,False,15,1500.0,0.05
XGBoost,f1,0.3454860846201579,0.01743495643637659,0.021845340728759766,0.0023060004951183993,,,,"{'classifier__learning_rate': 0.05, 'classifier__max_depth': 20, 'classifier__n_estimators': 1000}",0.8854625550660793,0.9293598233995585,0.8896247240618101,0.9014823675091493,0.019785437791105143,23,0.9102244389027432,0.9373433583959899,0.9007263922518159,0.9160980631835164,0.01551504966249785,25,0.958005249343832,0.9816272965879265,0.9763779527559056,0.9720034995625547,0.010127591341023812,26,0.9335038363171355,0.958974358974359,0.9370277078085643,0.9431686343666863,0.011268543690356797,30,False,20,1000.0,0.05
XGBoost,f1,0.1959404150644938,0.03606537174783226,0.021355946858723957,0.0019122205078912632,,,,"{'classifier__learning_rate': 0.1, 'classifier__max_depth': 5, 'classifier__n_estimators': 500}",0.8920704845814978,0.9293598233995585,0.8830022075055187,0.9014775051621916,0.020060345045205142,28,0.915,0.9395465994962217,0.8980582524271845,0.9175349506411354,0.017032130747403378,13,0.9606299212598425,0.979002624671916,0.9711286089238845,0.9702537182852143,0.00752609384693145,41,0.9372599231754162,0.9588688946015425,0.9331651954602774,0.9430980044124121,0.01127630056899541,31,False,5,500.0,0.1
XGBoost,f1,0.10280807813008626,0.003079629749888459,0.019327243169148762,0.0006080806954850594,,,,"{'classifier__learning_rate': 0.1, 'classifier__max_depth': 15, 'classifier__n_estimators': 100}",0.8876651982378855,0.9315673289183223,0.8830022075055187,0.9007449115539088,0.021877719713323363,32,0.9084158415841584,0.9396984924623115,0.8961352657004831,0.9147498665823176,0.018339912504037034,36,0.963254593175853,0.9816272965879265,0.973753280839895,0.9728783902012248,0.007526093846931403,20,0.935031847133758,0.9602053915275995,0.9333333333333333,0.9428568573315635,0.012286848425473175,32,False,15,100.0,0.1
XGBoost,f1,0.18590569496154785,0.04056324281492892,0.02295223871866862,0.005592377675300543,,,,"{'classifier__learning_rate': 0.2, 'classifier__max_depth': 10, 'classifier__n_estimators': 500}",0.8876651982378855,0.9293598233995585,0.8852097130242825,0.9007449115539088,0.020258615234993744,32,0.9104477611940298,0.9373433583959899,0.8963855421686747,0.9147255539195648,0.016992357311050383,37,0.9606299212598425,0.9816272965879265,0.9763779527559056,0.9728783902012248,0.008922168877677675,20,0.9348659003831418,0.958974358974359,0.9346733668341709,0.942837875397224,0.01141048768949669,33,False,10,500.0,0.2
XGBoost,f1,0.10934281349182129,0.023586363160083217,0.021289825439453125,0.004590057473812343,,,,"{'classifier__learning_rate': 0.1, 'classifier__max_depth': 10, 'classifier__n_estimators': 100}",0.8920704845814978,0.9271523178807947,0.8830022075055187,0.9007416699892704,0.019038560061433882,36,0.9108910891089109,0.9393939393939394,0.8961352657004831,0.9154734314011111,0.017955066287660033,31,0.9658792650918635,0.9763779527559056,0.973753280839895,0.9720034995625547,0.004461084438838848,26,0.9375796178343949,0.9575289575289575,0.9333333333333333,0.9428139695655618,0.010548487603700875,34,False,10,100.0,0.1
XGBoost,f1,0.09744453430175781,0.002935752301006708,0.019687652587890625,0.0004608410142381461,,,,"{'classifier__learning_rate': 0.1, 'classifier__max_depth': 20, 'classifier__n_estimators': 100}",0.8876651982378855,0.9315673289183223,0.8830022075055187,0.9007449115539088,0.021877719713323363,32,0.9104477611940298,0.9396984924623115,0.8961352657004831,0.9154271731189415,0.018129802146632963,32,0.9606299212598425,0.9816272965879265,0.973753280839895,0.9720034995625545,0.008660975447604257,36,0.9348659003831418,0.9602053915275995,0.9333333333333333,0.9428015417480249,0.0123222747035072,35,False,20,100.0,0.1
XGBoost,f1,0.2356417973836263,0.01099977332208098,0.01976776123046875,0.0007800932763160659,,,,"{'classifier__learning_rate': 0.05, 'classifier__max_depth': 10, 'classifier__n_estimators': 500}",0.8898678414096917,0.9249448123620309,0.8874172185430463,0.9007432907715897,0.017142279575717193,35,0.912718204488778,0.9348370927318296,0.8985507246376812,0.9153686739527629,0.014931931526109752,33,0.9606299212598425,0.979002624671916,0.9763779527559056,0.9720034995625547,0.008113402008307728,26,0.9360613810741688,0.9564102564102565,0.9358490566037736,0.9427735646960663,0.009642986781458644,36,False,10,500.0,0.05
XGBoost,f1,0.3548270066579183,0.007661848927240633,0.021912574768066406,0.001718900082976927,,,,"{'classifier__learning_rate': 0.05, 'classifier__max_depth': 5, 'classifier__n_estimators': 1000}",0.8986784140969163,0.9205298013245033,0.8830022075055187,0.9007368076423128,0.015389559500983576,37,0.9177057356608479,0.9367088607594937,0.9,0.9181381988067806,0.014989449241481278,7,0.9658792650918635,0.9711286089238845,0.968503937007874,0.9685039370078741,0.002143035645479607,44,0.9411764705882353,0.9536082474226805,0.9329962073324906,0.9425936417811354,0.008474287769969759,37,False,5,1000.0,0.05
XGBoost,f1,0.24672873814900717,0.018050144733082644,0.019344170888264973,0.00045755982551360405,,,,"{'classifier__learning_rate': 0.2, 'classifier__max_depth': 10, 'classifier__n_estimators': 1000}",0.8854625550660793,0.9293598233995585,0.8852097130242825,0.9000106971633067,0.020753222888635934,39,0.9102244389027432,0.9373433583959899,0.8963855421686747,0.9146511131558026,0.01701141305584098,38,0.958005249343832,0.9816272965879265,0.9763779527559056,0.9720034995625547,0.010127591341023812,26,0.9335038363171355,0.958974358974359,0.9346733668341709,0.9423838540418886,0.011740970739063446,38,False,10,1000.0,0.2
XGBoost,f1,0.39198025067647296,0.04922979068277516,0.025005261103312176,0.004900267647637389,,,,"{'classifier__learning_rate': 0.05, 'classifier__max_depth': 15, 'classifier__n_estimators': 1000}",0.8810572687224669,0.9293598233995585,0.8896247240618101,0.9000139387279451,0.021043384282914683,38,0.9077306733167082,0.9373433583959899,0.9007263922518159,0.9152668079881714,0.015870214170802647,34,0.9553805774278216,0.9816272965879265,0.9763779527559056,0.9711286089238845,0.011339878737371557,37,0.9309462915601023,0.958974358974359,0.9370277078085643,0.9423161194476752,0.012037957024707092,39,False,15,1000.0,0.05
XGBoost,f1,0.16589784622192383,0.012575225989201279,0.018756945927937824,0.00026067677061115203,,,,"{'classifier__learning_rate': 0.2, 'classifier__max_depth': 5, 'classifier__n_estimators': 500}",0.8942731277533039,0.9249448123620309,0.8807947019867549,0.90000421403403,0.018474163472357932,40,0.9152119700748129,0.9392405063291139,0.8978102189781022,0.9174208984606763,0.016985811745046816,14,0.963254593175853,0.973753280839895,0.968503937007874,0.9685039370078741,0.004286071290959169,44,0.9386189258312021,0.9561855670103093,0.9318181818181818,0.9422075582198977,0.010266485185342183,40,False,5,500.0,0.2
XGBoost,f1,0.10236700375874837,0.02150952571555275,0.021331230799357098,0.004751517747628311,,,,"{'classifier__learning_rate': 0.2, 'classifier__max_depth': 10, 'classifier__n_estimators': 100}",0.8876651982378855,0.9293598233995585,0.8807947019867549,0.8992732412080663,0.021458529782788952,43,0.9084158415841584,0.9351620947630923,0.8939759036144578,0.9125179466539027,0.01706255226776624,47,0.963254593175853,0.984251968503937,0.973753280839895,0.9737532808398951,0.008572142581918383,13,0.935031847133758,0.959079283887468,0.9321608040201005,0.9420906450137755,0.012069827676916027,41,False,10,100.0,0.2
XGBoost,f1,0.19634477297465006,0.019422758900209138,0.018497308095296223,0.00014885485138844718,,,,"{'classifier__learning_rate': 0.1, 'classifier__max_depth': 20, 'classifier__n_estimators': 500}",0.8854625550660793,0.9271523178807947,0.8852097130242825,0.8992748619903854,0.019712608358878784,42,0.9102244389027432,0.9371859296482412,0.8963855421686747,0.9145986369065531,0.016941430690334117,39,0.958005249343832,0.979002624671916,0.9763779527559056,0.9711286089238845,0.009341275811051025,37,0.9335038363171355,0.9576379974326059,0.9346733668341709,0.9419384001946375,0.011111554511210082,42,False,20,500.0,0.1
XGBoost,f1,0.2505521774291992,0.04180983678502025,0.023879130681355793,0.0042969139358687075,,,,"{'classifier__learning_rate': 0.05, 'classifier__max_depth': 15, 'classifier__n_estimators': 500}",0.8832599118942731,0.9271523178807947,0.8874172185430463,0.8992764827727048,0.019784125570316034,41,0.91,0.935,0.8985507246376812,0.9145169082125605,0.015219269878678115,41,0.9553805774278216,0.9816272965879265,0.9763779527559056,0.9711286089238845,0.011339878737371557,37,0.9321382842509603,0.9577464788732394,0.9358490566037736,0.9419112732426577,0.011299196457734015,43,False,15,500.0,0.05
XGBoost,f1,0.4386328061421712,0.012412743533013297,0.022947231928507488,0.0027737751404417143,,,,"{'classifier__learning_rate': 0.05, 'classifier__max_depth': 5, 'classifier__n_estimators': 1500}",0.8920704845814978,0.9205298013245033,0.8852097130242825,0.8992699996434279,0.015291651801534658,44,0.9170854271356784,0.9367088607594937,0.9002433090024331,0.9180125322992018,0.014901426312602639,8,0.958005249343832,0.9711286089238845,0.9711286089238845,0.9667541557305337,0.006186411034003047,46,0.9370988446726572,0.9536082474226805,0.9343434343434344,0.9416835088129241,0.008506766510798291,44,False,5,1500.0,0.05
XGBoost,f1,0.27303242683410645,0.03578656793403249,0.02610182762145996,0.004928470283119776,,,,"{'classifier__learning_rate': 0.05, 'classifier__max_depth': 20, 'classifier__n_estimators': 500}",0.8810572687224669,0.9271523178807947,0.8874172185430463,0.8985422683821027,0.020396297697838496,45,0.9077306733167082,0.935,0.8985507246376812,0.9137604659847964,0.015479151964812438,46,0.9553805774278216,0.9816272965879265,0.9763779527559056,0.9711286089238845,0.011339878737371557,37,0.9309462915601023,0.9577464788732394,0.9358490566037736,0.9415139423457051,0.011651343494969785,45,False,20,500.0,0.05
XGBoost,f1,0.4555220603942871,0.0791502387477545,0.028272151947021484,0.005383823180139759,,,,"{'classifier__learning_rate': 0.1, 'classifier__max_depth': 20, 'classifier__n_estimators': 1500}",0.8832599118942731,0.9271523178807947,0.8852097130242825,0.8985406475997834,0.020247159279161812,46,0.905940594059406,0.9393939393939394,0.8983050847457628,0.9145465393997027,0.017844144052973035,40,0.9606299212598425,0.9763779527559056,0.973753280839895,0.9702537182852143,0.006888895777788138,41,0.932484076433121,0.9575289575289575,0.9345088161209067,0.9415072833609951,0.011359149764516975,46,False,20,1500.0,0.1
XGBoost,f1,0.2357295354207357,0.005060634391289206,0.019010225931803387,8.242534837120575e-05,,,,"{'classifier__learning_rate': 0.2, 'classifier__max_depth': 5, 'classifier__n_estimators': 1000}",0.8898678414096917,0.9227373068432672,0.8785871964679912,0.8970641149069833,0.018728727056283156,48,0.9106699751861043,0.9390862944162437,0.8975609756097561,0.9157724150707014,0.017332324234928854,26,0.963254593175853,0.9711286089238845,0.9658792650918635,0.9667541557305337,0.003273541020799596,46,0.9362244897959183,0.9548387096774194,0.9304677623261695,0.9405103205998357,0.010400706000370165,47,False,5,1000.0,0.2
XGBoost,f1,0.3602136770884196,0.07007524097393465,0.024393876393636067,0.003979497921002051,,,,"{'classifier__learning_rate': 0.2, 'classifier__max_depth': 5, 'classifier__n_estimators': 1500}",0.8876651982378855,0.9249448123620309,0.8785871964679912,0.8970657356893025,0.020058825424676123,47,0.9104477611940298,0.9392405063291139,0.8975609756097561,0.9157497477109665,0.017423721684642228,27,0.9606299212598425,0.973753280839895,0.9658792650918635,0.9667541557305336,0.005393188104084848,48,0.9348659003831418,0.9561855670103093,0.9304677623261695,0.9405064099065402,0.011231292006578549,48,False,5,1500.0,0.2
