model,scoring,mean_fit_time,std_fit_time,mean_score_time,std_score_time,param_classifier__n_neighbors,param_classifier__p,param_classifier__weights,params,split0_test_accuracy,split1_test_accuracy,split2_test_accuracy,mean_test_accuracy,std_test_accuracy,rank_test_accuracy,split0_test_precision_macro,split1_test_precision_macro,split2_test_precision_macro,mean_test_precision_macro,std_test_precision_macro,rank_test_precision_macro,split0_test_recall_macro,split1_test_recall_macro,split2_test_recall_macro,mean_test_recall_macro,std_test_recall_macro,rank_test_recall_macro,split0_test_f1_macro,split1_test_f1_macro,split2_test_f1_macro,mean_test_f1_macro,std_test_f1_macro,rank_test_f1_macro,preproc_scaled,param_classifier__max_depth,param_classifier__n_estimators,param_classifier__learning_rate
KNN,f1_macro,0.01792144775390625,0.0020642994426780573,0.8529287179311117,0.05478323456500526,6.0,1.0,distance,"{'classifier__n_neighbors': 6, 'classifier__p': 1, 'classifier__weights': 'distance'}",0.4810648668916385,0.48893888263967006,0.47861965491372843,0.48287446814834567,0.004402848149865998,3,0.36923673421032255,0.32950884537729547,0.38508143616614526,0.3612756719179211,0.023375373028950226,4,0.31477421198470473,0.30913414286699215,0.3104246889878911,0.3114443479465293,0.0024127955027439573,2,0.3225582575786207,0.3109318816172892,0.3187301064728248,0.3174067485562449,0.004837810222961621,1,True,,,
KNN,f1_macro,0.019368092219034832,0.003987114211154946,0.9397968451182047,0.0037864908314807514,15.0,1.0,distance,"{'classifier__n_neighbors': 15, 'classifier__p': 1, 'classifier__weights': 'distance'}",0.51106111736033,0.5219347581552306,0.5213803450862715,0.5181254068672774,0.005000332198379974,1,0.42873614082803607,0.36724949210469277,0.35563858942341914,0.38387474078538264,0.03207399960101369,1,0.3135688917474856,0.31835329521471384,0.3156711813970297,0.315864456119743,0.0019579999103058136,1,0.3162678381893422,0.3209099535456726,0.3126922808649176,0.3166233575333108,0.0033642563888580707,2,True,,,
KNN,f1_macro,0.020289897918701172,0.0041322933727276304,0.8990909258524576,0.034546221619913525,3.0,1.0,distance,"{'classifier__n_neighbors': 3, 'classifier__p': 1, 'classifier__weights': 'distance'}",0.44169478815148105,0.45106861642294716,0.44561140285071266,0.4461249358083803,0.003844038777960184,8,0.3222285377111568,0.32850994307014947,0.3382366686991394,0.32965838316014856,0.006585552389503352,9,0.2967054248628916,0.3014315873361597,0.3050127441459658,0.30104991878167237,0.003402170050800665,4,0.30298070420858225,0.30724451211397946,0.3129332987773106,0.30771950503329076,0.00407698813402059,3,True,,,
KNN,f1_macro,0.01792756716410319,0.002616385320642086,0.8908186753590902,0.058989883147547426,15.0,1.0,uniform,"{'classifier__n_neighbors': 15, 'classifier__p': 1, 'classifier__weights': 'uniform'}",0.5069366329208849,0.5155605549306337,0.5153788447111778,0.5126253441875654,0.004023210290113075,2,0.36422010659387344,0.37416401691962226,0.3528258200673408,0.3637366478602788,0.008717987553978847,2,0.3048673770085751,0.31237005637631243,0.31053966452486576,0.30925903263658444,0.003194011370124846,3,0.30038154259085703,0.31132698996205566,0.30324270756977434,0.30498374670756234,0.004634948219660561,4,True,,,
KNN,f1_macro,0.017381827036539715,0.0028238496621689076,0.09241906801859538,0.015656249332859973,6.0,2.0,distance,"{'classifier__n_neighbors': 6, 'classifier__p': 2, 'classifier__weights': 'distance'}",0.4454443194600675,0.4544431946006749,0.4628657164291073,0.4542510768299499,0.0071135527933932,7,0.3327583751429997,0.41760282843086804,0.3146857665763189,0.3550156567167289,0.04486661968161833,5,0.288998561314583,0.3022254962598979,0.2958577943181925,0.29569395063089116,0.005401116278282945,5,0.29611209554742274,0.31732062194074145,0.29882508983266465,0.3040859357736096,0.00942365014046369,5,True,,,
KNN,f1_macro,0.027748823165893555,0.0012908903542804726,0.9264732201894125,0.033333990594974494,2.0,1.0,distance,"{'classifier__n_neighbors': 2, 'classifier__p': 1, 'classifier__weights': 'distance'}",0.41732283464566927,0.42744656917885265,0.4118529632408102,0.4188741223551107,0.006459876505828684,13,0.30185379345176927,0.3127641754174894,0.31280866965608356,0.30914221284178073,0.00515372278635153,12,0.2898072692795423,0.2936006855408861,0.2861356458291782,0.28984786688320224,0.0030477248999224607,7,0.29385406423939064,0.29874927172046023,0.29218492615448766,0.2949294207047795,0.0027856718905997255,6,True,,,
KNN,f1_macro,0.018889904022216797,0.0035932171392846824,0.09879287083943684,0.0189667764365417,3.0,2.0,distance,"{'classifier__n_neighbors': 3, 'classifier__p': 2, 'classifier__weights': 'distance'}",0.4236970378702662,0.42744656917885265,0.4197299324831208,0.42362451317741323,0.003150721118176382,11,0.30705167577010384,0.33742342571510414,0.2885244812536957,0.3109998609129679,0.02015717931328235,10,0.28679522187647427,0.2942342974437275,0.27444054193145867,0.2851566870838868,0.008163405601412427,8,0.29191701614157106,0.3058447532539237,0.2768616936903107,0.2915411543619351,0.01183526902876955,7,True,,,
KNN,f1_macro,0.021596670150756836,0.002833844280943445,0.8844094276428223,0.06400054142242473,6.0,1.0,uniform,"{'classifier__n_neighbors': 6, 'classifier__p': 1, 'classifier__weights': 'uniform'}",0.4701912260967379,0.4780652418447694,0.46399099774943736,0.4707491552303149,0.00575931421856906,4,0.36160918826654603,0.334063553521303,0.3945485113005298,0.36340708436279295,0.024725585293623648,3,0.29699527027824774,0.29818111834993083,0.29072241084957184,0.2952995998259168,0.003272568115528332,6,0.2949533890394275,0.2939071301513219,0.2857605425413739,0.29154035391070776,0.004109203411371918,8,True,,,
KNN,f1_macro,0.02164491017659505,0.0008961274590482593,0.10456641515096028,0.011058595061301925,2.0,2.0,distance,"{'classifier__n_neighbors': 2, 'classifier__p': 2, 'classifier__weights': 'distance'}",0.395575553055868,0.4263217097862767,0.3975993998499625,0.4064988875640358,0.014041182276964652,14,0.2816722901886175,0.3390188175542881,0.28727683745718424,0.3026559817333633,0.025814009235633394,15,0.27057867645553885,0.30247453201661667,0.27347024970545164,0.2821744860592024,0.014402758957221862,10,0.2735418175953655,0.3131308846165443,0.2770900494469697,0.2879209172196265,0.017884897342607793,9,True,,,
KNN,f1_macro,0.01547853151957194,0.0014730677369450232,0.08508745829264323,0.008857662126601835,15.0,2.0,distance,"{'classifier__n_neighbors': 15, 'classifier__p': 2, 'classifier__weights': 'distance'}",0.4675665541807274,0.4705661792275965,0.46586646661665415,0.4679997333416594,0.0019429458382332716,5,0.30940225739181637,0.3714163909980905,0.3141653455595254,0.3316613313164774,0.0281782461003733,8,0.28141036500513356,0.2878379404747958,0.2834739592734517,0.28424075491779366,0.002679479212420109,9,0.2804483579727108,0.2913590143891205,0.2819909545101614,0.2845994422906642,0.004821048449940464,10,True,,,
KNN,f1_macro,0.01502521832784017,0.0012434148945703546,0.07373452186584473,0.00158933862800244,6.0,2.0,uniform,"{'classifier__n_neighbors': 6, 'classifier__p': 2, 'classifier__weights': 'uniform'}",0.4326959130108736,0.4439445069366329,0.44111027756939236,0.43925023250563294,0.004776856850556923,9,0.31703580037313195,0.44893889688069194,0.29723712243713546,0.3544039398969865,0.06733320370088156,6,0.2720554546229216,0.28559047850251496,0.2758815624534584,0.27784249852629833,0.005696968232701456,11,0.26948805372721457,0.2908731551401945,0.2702776214236768,0.2768796100970286,0.009900179508243229,11,True,,,
KNN,f1_macro,0.01560211181640625,0.0009345638704128242,0.08675622940063477,0.009422148847344781,15.0,2.0,uniform,"{'classifier__n_neighbors': 15, 'classifier__p': 2, 'classifier__weights': 'uniform'}",0.4566929133858268,0.46156730408698915,0.45311327831957987,0.45712449859746523,0.0034648075718750272,6,0.310011774192935,0.39525210195530097,0.29711077537089087,0.3341248838397089,0.043543170444705154,7,0.2729606648576911,0.2828016328340782,0.2727041557264137,0.2761554844727277,0.004700703157643478,12,0.26853366473986406,0.283870120610706,0.26532760645856085,0.2725771306030436,0.008091906240627094,12,True,,,
KNN,f1_macro,0.021617015202840168,0.0007152604350183006,0.9119320710500082,0.034345207332067244,3.0,1.0,uniform,"{'classifier__n_neighbors': 3, 'classifier__p': 1, 'classifier__weights': 'uniform'}",0.4259467566554181,0.4225721784776903,0.4253563390847712,0.4246250914059599,0.0014715041839841751,10,0.300718572593151,0.28589355224880453,0.3327218318113224,0.30644465221775935,0.01954162962492891,13,0.26948745526622336,0.26658802219456496,0.27402547898430807,0.27003365214836544,0.0030607939221025966,13,0.2626227048294872,0.2594273828749438,0.2710547094491743,0.2643682657178684,0.004904686053645459,13,True,,,
KNN,f1_macro,0.016657034556070965,0.003164325862601742,0.1016388734181722,0.02138447136055123,3.0,2.0,uniform,"{'classifier__n_neighbors': 3, 'classifier__p': 2, 'classifier__weights': 'uniform'}",0.40344956880389954,0.3952005999250094,0.396099024756189,0.3982497311616993,0.003695089121455829,16,0.3370603130600564,0.30966996906557526,0.26813248361490816,0.3049542552468466,0.028336547491651987,14,0.2640412173895846,0.25407957154306876,0.2513463510008116,0.2564890466444883,0.005455522330963986,16,0.26363473746420196,0.2517152953302451,0.24402888246446747,0.25312630508630485,0.008066002684784466,14,True,,,
KNN,f1_macro,0.029992421468098957,0.004136210555497025,0.9476063251495361,0.06132705131348039,2.0,1.0,uniform,"{'classifier__n_neighbors': 2, 'classifier__p': 1, 'classifier__weights': 'uniform'}",0.41807274090738655,0.43532058492688414,0.40735183795948987,0.4202483879312535,0.011521365130656968,12,0.2720653406246264,0.29728839743858654,0.2618752053634255,0.27707631447554615,0.014885248568947114,16,0.26345890216081275,0.2735080129850068,0.25431312153805175,0.26376001222795714,0.00783917363287309,14,0.24967942390299297,0.25863340652447026,0.2342218602140917,0.24751156354718495,0.010083174506991083,15,True,,,
KNN,f1_macro,0.019577980041503906,0.0011387576354814162,0.08551088968912761,0.020021137314139036,2.0,2.0,uniform,"{'classifier__n_neighbors': 2, 'classifier__p': 2, 'classifier__weights': 'uniform'}",0.39745031871016123,0.40644919385076866,0.4062265566391598,0.4033753564000299,0.004190620125293423,15,0.3064101211748543,0.36399521846302363,0.26103087112391604,0.31047873692059796,0.04213335520548206,11,0.2571947842327689,0.2608359653646563,0.25272685084189134,0.2569192001464389,0.003316262406918188,15,0.24659025820626054,0.2521793531953289,0.2346904164346873,0.2444866759454256,0.007293125575979297,16,True,,,
Random Forest,f1_macro,42.27876543998718,1.0517989486590238,0.5126132965087891,0.05993959552101843,,,,"{'classifier__max_depth': 10, 'classifier__n_estimators': 1000}",0.9910011248593926,0.9917510311211098,0.9909977494373593,0.9912499684726206,0.00035430747630815307,1,0.9691879258351632,0.9575197412687896,0.9650541846874762,0.9639206172638097,0.004830484040393085,1,0.9521055441876987,0.9648880809381813,0.9662057498582429,0.961066458328041,0.0063591167897575325,1,0.9600689028224634,0.9605778854919776,0.9656016229880825,0.9620828037675078,0.002496842321784417,1,False,10,1000.0,
Random Forest,f1_macro,4.053690274556478,0.045767193380962384,0.18905488650004068,0.04221410045578601,,,,"{'classifier__max_depth': None, 'classifier__n_estimators': 100}",0.9913760779902512,0.9913760779902512,0.9909977494373593,0.9912499684726206,0.00017834579017756224,1,0.970186931310577,0.9486211460280962,0.9646053815576708,0.9611378196321146,0.009139247342941359,5,0.9550209960827425,0.9614214014890747,0.9667014544990253,0.9610479506902809,0.00477583335331598,2,0.9621748621346143,0.9538737242835253,0.9656371670087169,0.9605619178089523,0.004935979351353351,2,False,,100.0,
Random Forest,f1_macro,4.387443542480469,0.3745642349429555,0.2885560194651286,0.09984937107275758,,,,"{'classifier__max_depth': 100, 'classifier__n_estimators': 100}",0.9913760779902512,0.9913760779902512,0.9909977494373593,0.9912499684726206,0.00017834579017756224,1,0.970186931310577,0.9486211460280962,0.9646053815576708,0.9611378196321146,0.009139247342941359,5,0.9550209960827425,0.9614214014890747,0.9667014544990253,0.9610479506902809,0.00477583335331598,2,0.9621748621346143,0.9538737242835253,0.9656371670087169,0.9605619178089523,0.004935979351353351,2,False,100,100.0,
Random Forest,f1_macro,58.820258458455406,0.4011987199991972,0.6065042813618978,0.050581973446639214,,,,"{'classifier__max_depth': None, 'classifier__n_estimators': 1500}",0.9910011248593926,0.9913760779902512,0.9906226556639159,0.9909999528378531,0.00030758449319492453,7,0.9691879258351632,0.950767343339921,0.964869391006979,0.9616082200606878,0.007865786327367702,2,0.9521055441876987,0.9619118904619909,0.9660265062662015,0.9600146469719636,0.005839403276769309,4,0.9600689028224634,0.9550869411861667,0.9654187966878158,0.9601915468988153,0.004218853770385008,4,False,,1500.0,
Random Forest,f1_macro,48.54566136995951,0.7108956247422693,0.23578572273254395,0.045414848504322064,,,,"{'classifier__max_depth': 100, 'classifier__n_estimators': 1500}",0.9910011248593926,0.9913760779902512,0.9906226556639159,0.9909999528378531,0.00030758449319492453,7,0.9691879258351632,0.950767343339921,0.964869391006979,0.9616082200606878,0.007865786327367702,2,0.9521055441876987,0.9619118904619909,0.9660265062662015,0.9600146469719636,0.005839403276769309,4,0.9600689028224634,0.9550869411861667,0.9654187966878158,0.9601915468988153,0.004218853770385008,4,False,100,1500.0,
Random Forest,f1_macro,58.8367083867391,1.8050057481568043,0.6053399244944254,0.06014601462706551,,,,"{'classifier__max_depth': 10, 'classifier__n_estimators': 1500}",0.9910011248593926,0.9910011248593926,0.9906226556639159,0.9908749684609003,0.00017841208972785294,12,0.9691879258351632,0.9497163129070547,0.964869391006979,0.9612578765830656,0.008349379411314401,4,0.9521055441876987,0.9589356999858003,0.9660265062662015,0.9590225834799001,0.005683541023806578,6,0.9600689028224634,0.952932951267453,0.9654187966878158,0.9594735502592441,0.005114679362462356,6,False,10,1500.0,
Random Forest,f1_macro,42.334132512410484,2.034788093163985,0.47333089510599774,0.05092140980824986,,,,"{'classifier__max_depth': None, 'classifier__n_estimators': 1000}",0.9910011248593926,0.9913760779902512,0.9909977494373593,0.9911249840956677,0.0001775555430305318,4,0.9665034512295813,0.950767343339921,0.9650541846874762,0.9607749930856594,0.0071011681411136465,7,0.9454971865589329,0.9619118904619909,0.9662057498582429,0.9578716089597222,0.008923902526121005,8,0.9552012389980601,0.9550869411861667,0.9656016229880825,0.9586299343907697,0.004929949115415315,7,False,,1000.0,
Random Forest,f1_macro,40.22920481363932,0.5942064779092168,0.4116394519805908,0.03366494622820588,,,,"{'classifier__max_depth': 100, 'classifier__n_estimators': 1000}",0.9910011248593926,0.9913760779902512,0.9909977494373593,0.9911249840956677,0.0001775555430305318,4,0.9665034512295813,0.950767343339921,0.9650541846874762,0.9607749930856594,0.0071011681411136465,7,0.9454971865589329,0.9619118904619909,0.9662057498582429,0.9578716089597222,0.008923902526121005,8,0.9552012389980601,0.9550869411861667,0.9656016229880825,0.9586299343907697,0.004929949115415315,7,False,100,1000.0,
Random Forest,f1_macro,19.14577293395996,0.4860595897336931,0.40036646525065106,0.05740310655856973,,,,"{'classifier__max_depth': None, 'classifier__n_estimators': 500}",0.990626171728534,0.9917510311211098,0.9906226556639159,0.9909999528378531,0.0005310944871127684,7,0.9654448435206524,0.9518183004149746,0.964869391006979,0.9607108449808687,0.006292365641059658,9,0.9425817346638892,0.9648880809381813,0.9660265062662015,0.9578321072894239,0.010793652516490601,10,0.9530990640266511,0.957205999549022,0.9654187966878158,0.9585746200878296,0.005121770191712806,9,False,,500.0,
Random Forest,f1_macro,21.146181503931682,2.0609829776208866,0.44718321164449054,0.07372625345693362,,,,"{'classifier__max_depth': 10, 'classifier__n_estimators': 500}",0.990626171728534,0.9917510311211098,0.9906226556639159,0.9909999528378531,0.0005310944871127684,7,0.9654448435206524,0.9518183004149746,0.964869391006979,0.9607108449808687,0.006292365641059658,9,0.9425817346638892,0.9648880809381813,0.9660265062662015,0.9578321072894239,0.010793652516490601,10,0.9530990640266511,0.957205999549022,0.9654187966878158,0.9585746200878296,0.005121770191712806,9,False,10,500.0,
Random Forest,f1_macro,18.973796765009563,1.1055015408349855,0.3460114002227783,0.12636655065235966,,,,"{'classifier__max_depth': 100, 'classifier__n_estimators': 500}",0.990626171728534,0.9917510311211098,0.9906226556639159,0.9909999528378531,0.0005310944871127684,7,0.9654448435206524,0.9518183004149746,0.964869391006979,0.9607108449808687,0.006292365641059658,9,0.9425817346638892,0.9648880809381813,0.9660265062662015,0.9578321072894239,0.010793652516490601,10,0.9530990640266511,0.957205999549022,0.9654187966878158,0.9585746200878296,0.005121770191712806,9,False,100,500.0,
Random Forest,f1_macro,4.54104487101237,0.6809948860380167,0.2989496390024821,0.029458593155436332,,,,"{'classifier__max_depth': 10, 'classifier__n_estimators': 100}",0.9910011248593926,0.9913760779902512,0.9909977494373593,0.9911249840956677,0.0001775555430305318,4,0.9665034512295813,0.9486211460280962,0.9646053815576708,0.9599099929384495,0.008019942457977285,12,0.9454971865589329,0.9614214014890747,0.9667014544990253,0.9578733475156778,0.009012833811382974,7,0.9552012389980601,0.9538737242835253,0.9656371670087169,0.9582373767634342,0.005260433796115015,12,False,10,100.0,
XGBoost,f1_macro,1.546163002649943,0.053393185565433626,0.03577240308125814,0.014270517395840222,,,,"{'classifier__learning_rate': 0.1, 'classifier__max_depth': 5, 'classifier__n_estimators': 100}",0.9861267341582303,0.9910011248593926,0.986496624156039,0.9878748277245539,0.0022157775135145438,27,0.941222882506144,0.9274666052338066,0.9138367230144692,0.92750873691814,0.011180392486699867,3,0.8890870892062889,0.9319650490623432,0.9027892269598742,0.9079471217428354,0.017880767494684084,1,0.9028688915800451,0.929593544025818,0.9060051433354082,0.9128225263137569,0.011927818886729991,1,False,5,100.0,0.1
XGBoost,f1_macro,4.33562429745992,0.26171537020669544,0.05760773022969564,0.0011677607060927393,,,,"{'classifier__learning_rate': 0.2, 'classifier__max_depth': 5, 'classifier__n_estimators': 500}",0.9857517810273716,0.9898762654668166,0.986496624156039,0.9873748902167424,0.0017946877960328049,42,0.9405886679027678,0.9262738888217462,0.9113293522432605,0.9260639696559249,0.011945987827378343,4,0.8892093945961762,0.9293832934685395,0.9016001967326123,0.9067309615991093,0.01679740255194593,2,0.9026138564383606,0.9277018236832788,0.9037862860892885,0.9113673220703093,0.011560150086386474,2,False,5,500.0,0.2
XGBoost,f1_macro,10.107296069463095,1.1515422811444587,0.12113610903422038,0.0037098260460326606,,,,"{'classifier__learning_rate': 0.05, 'classifier__max_depth': 5, 'classifier__n_estimators': 1000}",0.9857517810273716,0.9898762654668166,0.9872468117029257,0.9876249527323714,0.0017049117184219354,35,0.9398930189950151,0.9248988353074179,0.9186309534056958,0.9278076025693762,0.00892055878366782,1,0.8912642612932854,0.9246615939391117,0.8980659747855924,0.9046639433393299,0.014410536625240016,3,0.9029972420911258,0.9245501929648483,0.9030838784241082,0.9102104378266941,0.010139799785341371,3,False,5,1000.0,0.05
XGBoost,f1_macro,13.754928429921469,0.18604035672436167,0.1598514715830485,0.008372887339160287,,,,"{'classifier__learning_rate': 0.05, 'classifier__max_depth': 5, 'classifier__n_estimators': 1500}",0.9857517810273716,0.9898762654668166,0.9872468117029257,0.9876249527323714,0.0017049117184219354,35,0.9398930189950151,0.9248988353074179,0.9186309534056958,0.9278076025693762,0.00892055878366782,1,0.8912642612932854,0.9246615939391117,0.8980659747855924,0.9046639433393299,0.014410536625240016,3,0.9029972420911258,0.9245501929648483,0.9030838784241082,0.9102104378266941,0.010139799785341371,3,False,5,1500.0,0.05
XGBoost,f1_macro,4.9910868008931475,0.13721528904668914,0.06528472900390625,0.002643461692423796,,,,"{'classifier__learning_rate': 0.1, 'classifier__max_depth': 5, 'classifier__n_estimators': 500}",0.9865016872890888,0.9902512185976753,0.986496624156039,0.9877498433476011,0.0017687406094152747,32,0.9409321942500268,0.9262112182855945,0.9070224055797835,0.9247219393718016,0.013883609177190235,7,0.8920025411013326,0.9276377844153022,0.8942239834436009,0.9046214363200785,0.016300264031611767,5,0.9038829762886232,0.9267611477069597,0.8970578542792575,0.9092339927582801,0.012702924677856633,5,False,5,500.0,0.1
XGBoost,f1_macro,8.420215129852295,0.6049725201783499,0.10354336102803548,0.001900881336323239,,,,"{'classifier__learning_rate': 0.1, 'classifier__max_depth': 5, 'classifier__n_estimators': 1000}",0.9865016872890888,0.9902512185976753,0.9857464366091523,0.9874997808319721,0.0019698406418268664,40,0.9446407101294214,0.9262112182855945,0.8995982463653848,0.9234833915934669,0.01848939631843707,8,0.9011572107211184,0.9276377844153022,0.8844296111492287,0.9044082020952166,0.017788821732267753,6,0.9134650443088005,0.9267611477069597,0.8871732817457786,0.9091331579205129,0.016449391328169447,6,False,5,1000.0,0.1
XGBoost,f1_macro,11.231886386871338,0.6646827171546283,0.12938316663106283,0.0026865698391456624,,,,"{'classifier__learning_rate': 0.1, 'classifier__max_depth': 5, 'classifier__n_estimators': 1500}",0.9861267341582303,0.9898762654668166,0.9857464366091523,0.9872498120780664,0.0018636612011337333,45,0.9444580028833073,0.9253781215288367,0.8995982463653848,0.9231447902591762,0.018381879938893723,9,0.9007880708170949,0.9272676881902837,0.8844296111492287,0.9041617900522025,0.017650527796675888,7,0.9131868649609313,0.9261615134685862,0.8871732817457786,0.9088405533917654,0.016210868194106384,7,False,5,1500.0,0.1
XGBoost,f1_macro,6.872204065322876,0.16750624097551814,0.07827194531758626,0.0029158961535562067,,,,"{'classifier__learning_rate': 0.05, 'classifier__max_depth': 5, 'classifier__n_estimators': 500}",0.9861267341582303,0.9898762654668166,0.9868717179294824,0.9876249058515097,0.0016207437167204586,37,0.941222882506144,0.9248988353074179,0.9089582326427496,0.925026650152104,0.013172298209443238,6,0.8890870892062889,0.9246615939391117,0.8950897843094018,0.9029461558182675,0.015549453939188055,8,0.9028688915800451,0.9245501929648483,0.8986388525505109,0.9086859790318015,0.011349839068843055,8,False,5,500.0,0.05
XGBoost,f1_macro,1.2949097951253254,0.21746853533593416,0.03272398312886556,0.007833297663390483,,,,"{'classifier__learning_rate': 0.2, 'classifier__max_depth': 5, 'classifier__n_estimators': 100}",0.9846269216347957,0.9902512185976753,0.9876219054763691,0.98750001523628,0.0022977267033071113,39,0.9276580955883419,0.9266699474096755,0.9226846051277869,0.9256708827086014,0.0021498061227324472,5,0.8672463236535134,0.9302438786664741,0.9056281999793655,0.9010394674331176,0.025922517035561924,9,0.8778738683175614,0.9283346248032773,0.9101750959307611,0.9054611963505333,0.020868439060249714,9,False,5,100.0,0.2
XGBoost,f1_macro,2.0923806031545005,0.09833443848614401,0.030584017435709637,0.0013635413510122271,,,,"{'classifier__learning_rate': 0.1, 'classifier__max_depth': 20, 'classifier__n_estimators': 100}",0.9891263592050994,0.9898762654668166,0.9861215303825956,0.9883747183515039,0.00162239162303995,11,0.9315927446804725,0.9303124830752413,0.8994626903126052,0.9204559726894397,0.014853690813163551,12,0.9006251891223177,0.9186044638644087,0.8779766848278504,0.8990687792715256,0.01662269364610891,11,0.9101461207077871,0.9242033351445242,0.8792858421572989,0.9045450993365368,0.01876031048721853,10,False,20,100.0,0.1
XGBoost,f1_macro,7.465205272038777,0.25179676779422216,0.08572602272033691,0.003642786086715248,,,,"{'classifier__learning_rate': 0.2, 'classifier__max_depth': 5, 'classifier__n_estimators': 1000}",0.9846269216347957,0.9898762654668166,0.9857464366091523,0.9867498745702549,0.0022574422802558777,46,0.9386505167510599,0.9262738888217462,0.8981523419208441,0.9210255824978835,0.016944695937008418,10,0.8850642175991743,0.9293832934685395,0.8837430538754694,0.899396854981061,0.021210472857666425,10,0.8996934231367987,0.9277018236832788,0.8859006559206143,0.9044319675802305,0.01739108505647631,11,False,5,1000.0,0.2
XGBoost,f1_macro,7.509624163309733,0.155352169191896,0.07937955856323242,0.0016241848601955661,,,,"{'classifier__learning_rate': 0.2, 'classifier__max_depth': 20, 'classifier__n_estimators': 1000}",0.9883764529433821,0.9898762654668166,0.9853713428357089,0.9878746870819692,0.0018730383005206794,29,0.9153268233421452,0.9392880797690021,0.8951215342825611,0.9165788124645694,0.01805263679029494,28,0.8904306907125557,0.9251520829120279,0.8805442294193041,0.8987090010146291,0.019128738665511295,16,0.8977059584879373,0.9318461734484815,0.8828373446083472,0.9041298255149219,0.0205169178444795,12,False,20,1000.0,0.2
XGBoost,f1_macro,10.15569798151652,0.15219741789737154,0.10552684466044109,0.003435699895762294,,,,"{'classifier__learning_rate': 0.2, 'classifier__max_depth': 5, 'classifier__n_estimators': 1500}",0.9846269216347957,0.989501312335958,0.9857464366091523,0.986624890193302,0.0020846553194750323,47,0.9386505167510599,0.9251972431358538,0.8981523419208441,0.9206667006025859,0.016840821493798785,11,0.8850642175991743,0.9270819181735643,0.8837430538754694,0.898629729882736,0.020125963865924867,17,0.8996934231367987,0.9259790039111644,0.8859006559206143,0.9038576943228591,0.01662476787399246,13,False,5,1500.0,0.2
XGBoost,f1_macro,5.014213482538859,0.3411953673027923,0.0632631778717041,0.0029231278039682502,,,,"{'classifier__learning_rate': 0.1, 'classifier__max_depth': 20, 'classifier__n_estimators': 500}",0.989501312335958,0.9902512185976753,0.9857464366091523,0.9884996558475952,0.0019707446953778226,9,0.921631107433126,0.933838627260726,0.9053304802115179,0.9202667383017898,0.011678320067250697,13,0.8852313017777895,0.9281282733882182,0.883635121041842,0.8989982320692832,0.020608354756709656,13,0.8926572037736916,0.9308516369527892,0.8871390872371487,0.9035493093212098,0.01943665305729173,14,False,20,500.0,0.1
XGBoost,f1_macro,11.632288932800293,0.28868007151305286,0.12300920486450195,0.009273306043438562,,,,"{'classifier__learning_rate': 0.1, 'classifier__max_depth': 20, 'classifier__n_estimators': 1500}",0.9887514060742407,0.9902512185976753,0.9861215303825956,0.9883747183515039,0.0017068492256762493,11,0.920402052647518,0.933838627260726,0.9055161833976347,0.9199189544352929,0.01156763428728277,15,0.8846829182817243,0.9281282733882182,0.8838143646338835,0.8988751854346088,0.02068809581177876,14,0.8917777721575125,0.9308516369527892,0.8873216767211876,0.9033170286104965,0.019554712800362677,15,False,20,1500.0,0.1
XGBoost,f1_macro,13.61769700050354,0.4428890647929289,0.16616280873616537,0.033506047522536886,,,,"{'classifier__learning_rate': 0.05, 'classifier__max_depth': 15, 'classifier__n_estimators': 1500}",0.9891263592050994,0.990626171728534,0.9853713428357089,0.9883746245897808,0.0022101486182484593,16,0.9264269041676086,0.935067403072014,0.8886782412821389,0.9167241828405871,0.020142751942972426,26,0.8914705195025318,0.9311044638644087,0.8745918484669231,0.8990556106112878,0.02368641143654776,12,0.9007983363342245,0.9330275342375766,0.8750352665625777,0.9029537123781263,0.023724249365577398,16,False,15,1500.0,0.05
XGBoost,f1_macro,4.294432957967122,0.2391024886838936,0.047688563664754234,0.009435761074142818,,,,"{'classifier__learning_rate': 0.2, 'classifier__max_depth': 15, 'classifier__n_estimators': 500}",0.9883764529433821,0.9910011248593926,0.9853713428357089,0.9882496402128279,0.0023000974631554164,18,0.9195256284582104,0.9354693170127677,0.8951215342825611,0.9167054932511798,0.01659218219022519,27,0.8838223330837897,0.9319650490623432,0.8805442294193041,0.8987772038551456,0.023505478695139116,15,0.8909093396781379,0.9336553202413894,0.8828373446083472,0.9024673348426249,0.022298088124722656,17,False,15,500.0,0.2
XGBoost,f1_macro,8.517616113026937,0.2602002719621533,0.08177002271016438,0.015174837723747267,,,,"{'classifier__learning_rate': 0.1, 'classifier__max_depth': 20, 'classifier__n_estimators': 1000}",0.9880014998125234,0.9902512185976753,0.9857464366091523,0.9879997183397836,0.0018390699771468092,25,0.9175693833373185,0.933838627260726,0.9053304802115179,0.918912830269854,0.011677107212839514,17,0.8788520144916369,0.9281282733882182,0.883635121041842,0.896871802973899,0.02218775539403903,20,0.8877900364011045,0.9308516369527892,0.8871390872371487,0.9019269201970141,0.020454589758044893,18,False,20,1000.0,0.1
XGBoost,f1_macro,6.713461637496948,0.27736936637878146,0.06529045104980469,0.012749215006460536,,,,"{'classifier__learning_rate': 0.05, 'classifier__max_depth': 15, 'classifier__n_estimators': 500}",0.989501312335958,0.9902512185976753,0.9849962490622656,0.9882495933319663,0.002320743638468281,20,0.9272804136732631,0.933838627260726,0.8872710585608624,0.9161300331649506,0.020581267417472068,32,0.8918396594065554,0.9281282733882182,0.8723022152644919,0.8974233826864219,0.02313036482862602,19,0.901402999927918,0.9308516369527892,0.8734691882750404,0.9019079417185826,0.02342900735872219,19,False,15,500.0,0.05
XGBoost,f1_macro,10.497987111409506,0.5280684082943751,0.1127789815266927,0.003536166530109549,,,,"{'classifier__learning_rate': 0.05, 'classifier__max_depth': 15, 'classifier__n_estimators': 1000}",0.989501312335958,0.9898762654668166,0.9857464366091523,0.9883746714706422,0.0018647361436136551,15,0.9272804136732631,0.9326006710777149,0.8890514990342712,0.9163108612617497,0.019397266242077688,31,0.8918396594065554,0.9251520829120279,0.8754576493327239,0.8974831305504357,0.020676407765144993,18,0.901402999927918,0.9286398265762277,0.8756793211209004,0.901907382541682,0.021623977214914897,20,False,15,1000.0,0.05
XGBoost,f1_macro,4.235699733098348,0.44254058662547424,0.04931346575419108,0.006110436920140557,,,,"{'classifier__learning_rate': 0.2, 'classifier__max_depth': 20, 'classifier__n_estimators': 500}",0.9880014998125234,0.9898762654668166,0.9857464366091523,0.9878747339628308,0.0016883766925433607,28,0.9062087772168065,0.9392880797690021,0.905331380933086,0.9169427459729649,0.015804596649960517,24,0.880906881188746,0.9251520829120279,0.8835204198954945,0.8965264613320896,0.020269473011917786,22,0.8865242451164776,0.9318461734484815,0.8870817882920432,0.9018174022856674,0.021234767666253464,21,False,20,500.0,0.2
XGBoost,f1_macro,2.2875308195749917,0.05553938752125816,0.026706775029500324,0.0013983594494125545,,,,"{'classifier__learning_rate': 0.05, 'classifier__max_depth': 5, 'classifier__n_estimators': 100}",0.983127109111361,0.990626171728534,0.9853713428357089,0.9863748745585346,0.003142641349046824,48,0.9333655397854276,0.9225855504889013,0.899863265470865,0.9186047852483981,0.013963893081492927,19,0.8754941225931508,0.9306139748914927,0.8843325855850176,0.8968135610232203,0.024171341022852115,21,0.8888333438549736,0.9261869882463705,0.8874892739276772,0.9008365353430071,0.01793387349489971,22,False,5,100.0,0.05
XGBoost,f1_macro,2.3057777881622314,0.18202205406533756,0.028597672780354817,0.0035285713936759797,,,,"{'classifier__learning_rate': 0.05, 'classifier__max_depth': 10, 'classifier__n_estimators': 100}",0.989501312335958,0.9902512185976753,0.9861215303825956,0.9886246871054096,0.0017962804225338058,4,0.9395564389689053,0.9340615361210984,0.883763066524306,0.9191270138714366,0.025106507367674957,16,0.8859126433836825,0.9286949138477636,0.8736412044607235,0.8960829205640565,0.023598073830468948,24,0.8967265979630158,0.9312398556843238,0.8745279231580209,0.9008314589351202,0.023333784311125826,23,False,10,100.0,0.05
XGBoost,f1_macro,6.886360247929891,0.5852475774459815,0.08185029029846191,0.003174642181601854,,,,"{'classifier__learning_rate': 0.2, 'classifier__max_depth': 15, 'classifier__n_estimators': 1000}",0.9887514060742407,0.9910011248593926,0.9849962490622656,0.9882495933319664,0.002477027163888504,19,0.9214968651714572,0.9421422228614977,0.8870774126791175,0.9169055002373575,0.022713341220142708,25,0.8846829182817243,0.9319650490623432,0.8716156579907326,0.8960878751116,0.025923824703633098,23,0.8924929325201943,0.9368566816535552,0.8730077142179692,0.900785776130573,0.026717673326935705,24,False,15,1000.0,0.2
XGBoost,f1_macro,5.159021615982056,0.3025693052412973,0.055769125620524086,0.008914374880267388,,,,"{'classifier__learning_rate': 0.1, 'classifier__max_depth': 15, 'classifier__n_estimators': 500}",0.989501312335958,0.9898762654668166,0.9861215303825956,0.9884997027284568,0.0016885743972454037,5,0.9221997490566759,0.9243148177369165,0.9067064212943315,0.9177403293626414,0.007849786592660429,20,0.8831764350806803,0.9186044638644087,0.8859247542442733,0.8959018843964541,0.016092309766476225,26,0.8922512776798562,0.9213278274289797,0.8886784882757672,0.9007525311282011,0.014621863069393008,25,False,15,500.0,0.1
XGBoost,f1_macro,8.825016578038534,0.33437948532477285,0.061387856801350914,0.0007852468152829833,,,,"{'classifier__learning_rate': 0.2, 'classifier__max_depth': 20, 'classifier__n_estimators': 1500}",0.9876265466816648,0.9898762654668166,0.9846211552888222,0.9873746558124346,0.002152770695826858,44,0.9147796158536153,0.9392880797690021,0.8868930902209702,0.9136535952811959,0.021404978769462756,36,0.8898823072164904,0.9251520829120279,0.8713217132523434,0.8954520344602872,0.022326271081430635,29,0.8971581636798532,0.9318461734484815,0.8727676417375941,0.9005906596219764,0.024240527339878564,26,False,20,1500.0,0.2
XGBoost,f1_macro,2.009018659591675,0.03835296999361981,0.030962149302164715,0.0019614267867487994,,,,"{'classifier__learning_rate': 0.1, 'classifier__max_depth': 10, 'classifier__n_estimators': 100}",0.989501312335958,0.9898762654668166,0.9876219054763691,0.9889998277597144,0.0009862892837263575,1,0.9279688218989194,0.924892276832147,0.9034244404389365,0.918761846390001,0.010917670641908328,18,0.8897847927094462,0.9099412395385337,0.8807533310172945,0.8934931210884248,0.012201018413389662,36,0.9009827485382861,0.9168708475021089,0.8831437063889455,0.9003324341431135,0.01377672417585149,27,False,10,100.0,0.1
XGBoost,f1_macro,8.802435080210367,0.18485695517402412,0.09636346499125163,0.004253429113337501,,,,"{'classifier__learning_rate': 0.1, 'classifier__max_depth': 15, 'classifier__n_estimators': 1000}",0.9883764529433821,0.990626171728534,0.9861215303825956,0.9883747183515039,0.001839012537657273,11,0.9179344384451779,0.935067403072014,0.8994635910341733,0.9174884775171218,0.014538615678449511,21,0.8790312580836784,0.9311044638644087,0.8778619836815027,0.8959992352098632,0.024827734623774193,25,0.8880622530421373,0.9330275342375766,0.8792288465600925,0.9001062112799354,0.023556561668747263,28,False,15,1000.0,0.1
XGBoost,f1_macro,9.872789859771729,0.7762070243232807,0.10732158025105794,0.005847264644591679,,,,"{'classifier__learning_rate': 0.2, 'classifier__max_depth': 15, 'classifier__n_estimators': 1500}",0.9876265466816648,0.9910011248593926,0.9849962490622656,0.9878746402011077,0.0024577491234220408,31,0.908167835392437,0.9421422228614977,0.8870774126791175,0.9124624903110173,0.02268430258655613,38,0.8832739495877245,0.9319650490623432,0.8716156579907326,0.8956182188802669,0.026138069157886044,27,0.888671868098151,0.9368566816535552,0.8730077142179692,0.8995120879898918,0.027169902908961593,29,False,15,1500.0,0.2
XGBoost,f1_macro,1.9565260410308838,0.10635359141782377,0.02926500638326009,0.002529906306648803,,,,"{'classifier__learning_rate': 0.1, 'classifier__max_depth': 15, 'classifier__n_estimators': 100}",0.9891263592050994,0.989501312335958,0.9861215303825956,0.9882497339745511,0.001512632442508512,17,0.9258741234627575,0.9244812542626459,0.9009515614726743,0.9171023130660259,0.011434453898190547,22,0.8889242075115117,0.9090806543405991,0.878548540955262,0.8921844676024575,0.012676078753285172,40,0.8993885503450793,0.9162432675826025,0.8805563729565601,0.898729396961414,0.01457656736912507,30,False,15,100.0,0.1
XGBoost,f1_macro,6.435853560765584,0.2031013413660004,0.06926774978637695,0.011959031762860875,,,,"{'classifier__learning_rate': 0.05, 'classifier__max_depth': 10, 'classifier__n_estimators': 500}",0.9887514060742407,0.9902512185976753,0.9868717179294824,0.9886247808671328,0.0013825777009835534,3,0.9115051380457707,0.933838627260726,0.8974491684649865,0.914264311257161,0.014983501047697908,34,0.8727920403589363,0.9281282733882182,0.8849741102380736,0.8952981413284093,0.023741158142677216,30,0.8790527026371203,0.9308516369527892,0.8859937625516309,0.8986327007138467,0.022957779617680543,31,False,10,500.0,0.05
XGBoost,f1_macro,7.104187806447347,0.7632792604366417,0.07229455312093098,0.012354736384544403,,,,"{'classifier__learning_rate': 0.2, 'classifier__max_depth': 10, 'classifier__n_estimators': 1000}",0.9876265466816648,0.9898762654668166,0.9857464366091523,0.9877497495858779,0.0016882448114544232,33,0.927060536113642,0.9264890690166927,0.9068996057803659,0.9201497369702336,0.009372161830735805,14,0.8693282049678274,0.9300581086497548,0.8840922760229061,0.8944928632134962,0.025860645270833756,32,0.8784805979577348,0.9281521152458554,0.8883663735704828,0.898333028924691,0.021468047134259653,32,False,10,1000.0,0.2
XGBoost,f1_macro,4.314780394236247,0.11732981329915335,0.05262899398803711,0.004479965575853753,,,,"{'classifier__learning_rate': 0.2, 'classifier__max_depth': 10, 'classifier__n_estimators': 500}",0.9876265466816648,0.9898762654668166,0.986496624156039,0.9879998121015068,0.0014047512597410309,23,0.90884220825676,0.9264890690166927,0.9086222514214085,0.9146511762316204,0.008371135902433017,33,0.8693282049678274,0.9300581086497548,0.8873624112374859,0.8955829082850227,0.02546517529340107,28,0.8761729024120031,0.9281521152458554,0.8906146023838636,0.898313206680574,0.02190754851331272,33,False,10,500.0,0.2
XGBoost,f1_macro,1.3853209018707275,0.2490790119890887,0.03442025184631348,0.013407296552597764,,,,"{'classifier__learning_rate': 0.2, 'classifier__max_depth': 15, 'classifier__n_estimators': 100}",0.989501312335958,0.990626171728534,0.986496624156039,0.9888747027401771,0.0017431332856895634,2,0.9148446164222704,0.9319381412288447,0.8958704901569903,0.9142177492693685,0.014731227269099709,35,0.8765680774519146,0.9224412395385337,0.8819979197618831,0.8936690789174438,0.020465397088453633,35,0.8825913620857876,0.9270044649047866,0.8839608818948355,0.8978522362951366,0.020621319401836178,34,False,15,100.0,0.2
XGBoost,f1_macro,2.4913600285847983,0.184403517255901,0.030950466791788738,0.0030923773293709297,,,,"{'classifier__learning_rate': 0.05, 'classifier__max_depth': 15, 'classifier__n_estimators': 100}",0.9891263592050994,0.9887514060742407,0.9846211552888222,0.9874996401893874,0.0020411441162040624,41,0.9207984790142909,0.9299912760412937,0.8986027455435168,0.916464166866367,0.01317572662257373,29,0.8802609831856366,0.9182131186221572,0.8762290497468819,0.8915677171848918,0.018912908909497077,44,0.8902367406415816,0.9238356668582711,0.8779552087266075,0.8973425387421535,0.019392840338252018,35,False,15,100.0,0.05
XGBoost,f1_macro,7.477862596511841,0.1121846665108336,0.1030112902323405,0.03629533759599084,,,,"{'classifier__learning_rate': 0.05, 'classifier__max_depth': 20, 'classifier__n_estimators': 500}",0.9891263592050994,0.990626171728534,0.9846211552888222,0.988124562074152,0.0025518298962356545,22,0.9202091641208104,0.9327427729424412,0.8868921894994022,0.9132813755208846,0.019348810328298712,37,0.8823158498827458,0.9245568448167898,0.8714364143986909,0.8927697030327422,0.022911530084396194,38,0.8906743949651632,0.9285155205275861,0.8728252449697563,0.8973383868208352,0.02321864607761186,36,False,20,500.0,0.05
XGBoost,f1_macro,11.039764642715454,0.21818420646279668,0.13565429051717123,0.03137312257360118,,,,"{'classifier__learning_rate': 0.05, 'classifier__max_depth': 20, 'classifier__n_estimators': 1000}",0.9887514060742407,0.990626171728534,0.9849962490622656,0.9881246089550134,0.0023407496347031456,21,0.9115051380457707,0.935067403072014,0.8866196329109931,0.9110640580095927,0.019781178294741224,42,0.8727920403589363,0.9311044638644087,0.8775680389431136,0.8938215143888195,0.026435030821727396,34,0.8790527026371203,0.9330275342375766,0.8787579388361183,0.8969460585702717,0.02551373990842749,37,False,20,1000.0,0.05
XGBoost,f1_macro,10.591566562652588,0.2997971057137807,0.11115090052286784,0.007284387180128247,,,,"{'classifier__learning_rate': 0.05, 'classifier__max_depth': 10, 'classifier__n_estimators': 1000}",0.9887514060742407,0.990626171728534,0.9861215303825956,0.9884997027284568,0.0018476046374686246,5,0.9115051380457707,0.9293442967888831,0.8885976657939315,0.9098157002095285,0.016677582448935902,43,0.8727920403589363,0.9311044638644087,0.8811321188960823,0.895009541039809,0.025749068821827207,31,0.8790527026371203,0.9300616123443325,0.8813006245049724,0.8968049798288084,0.02353389035533582,38,False,10,1000.0,0.05
XGBoost,f1_macro,10.990658601125082,0.7943584177399201,0.12507526079813638,0.0022067205268876556,,,,"{'classifier__learning_rate': 0.1, 'classifier__max_depth': 15, 'classifier__n_estimators': 1500}",0.9880014998125234,0.9898762654668166,0.9861215303825956,0.9879997652206453,0.001532864669994649,24,0.9092072633646193,0.9403356863149116,0.8994635910341733,0.9163355135712349,0.0174306436372943,30,0.869507448559869,0.9279425033714989,0.8778619836815027,0.8917706452042902,0.025803773066822994,42,0.8764451190530357,0.9338730423358709,0.8792288465600925,0.896515669316333,0.026440086660209187,39,False,15,1500.0,0.1
XGBoost,f1_macro,14.380871216456095,0.07323573317121117,0.15596938133239746,0.006745498173104799,,,,"{'classifier__learning_rate': 0.05, 'classifier__max_depth': 10, 'classifier__n_estimators': 1500}",0.9887514060742407,0.990626171728534,0.9861215303825956,0.9884997027284568,0.0018476046374686246,5,0.9115051380457707,0.9285076192902003,0.8885976657939315,0.9095368077099675,0.016352509292699127,45,0.8727920403589363,0.9289888585861528,0.8811321188960823,0.8943043392803904,0.024760871512735424,33,0.8790527026371203,0.9285110250490503,0.8813006245049724,0.8962881173970475,0.02280351027573179,40,False,10,1500.0,0.05
XGBoost,f1_macro,2.5521376927693686,0.23320823574357694,0.0324250857035319,0.002321526601777582,,,,"{'classifier__learning_rate': 0.05, 'classifier__max_depth': 20, 'classifier__n_estimators': 100}",0.9898762654668166,0.9887514060742407,0.9842460615153789,0.9876245776854787,0.002432708476436132,38,0.9235918539742787,0.9303881930885918,0.8795475671026403,0.9111758713885036,0.022536041952667066,41,0.886091886975724,0.917722629649241,0.8705706135328901,0.8914617100526184,0.019620642290999104,45,0.8942382452342954,0.9238033796589732,0.8704418025130191,0.8961611424687627,0.021827163950860935,41,False,20,100.0,0.05
XGBoost,f1_macro,5.3484141031901045,0.2632060979855122,0.06341894467671712,0.0009332309534373596,,,,"{'classifier__learning_rate': 0.1, 'classifier__max_depth': 10, 'classifier__n_estimators': 500}",0.9887514060742407,0.990626171728534,0.9861215303825956,0.9884997027284568,0.0018476046374686246,5,0.9115051380457707,0.935067403072014,0.8890483280951077,0.9118736230709641,0.018789015431768887,40,0.8727920403589363,0.9311044638644087,0.8751797379437013,0.893025414055682,0.0269435929389615,37,0.8790527026371203,0.9330275342375766,0.8755148605437819,0.8958650324728262,0.026317519319908694,42,False,10,500.0,0.1
XGBoost,f1_macro,1.4378046194712322,0.09135808660331712,0.027315060297648113,0.0013847206759802777,,,,"{'classifier__learning_rate': 0.2, 'classifier__max_depth': 10, 'classifier__n_estimators': 100}",0.9887514060742407,0.989501312335958,0.9857464366091523,0.9879997183397836,0.0016224567315316382,25,0.913063691058395,0.9164495501002652,0.9067060080316249,0.9120730830634284,0.004038987592669684,39,0.8734733819648293,0.9177438786664742,0.883635121041842,0.8916174605577152,0.018934228752228797,43,0.8803362514936975,0.9169449236068351,0.8880202712697512,0.895100482123428,0.015761678374487813,43,False,10,100.0,0.2
XGBoost,f1_macro,1.4670317967732747,0.14422147489333242,0.03324707349141439,0.00890023988124497,,,,"{'classifier__learning_rate': 0.2, 'classifier__max_depth': 20, 'classifier__n_estimators': 100}",0.9891263592050994,0.9887514060742407,0.9872468117029257,0.9883748589940886,0.0008122050155431341,10,0.9012229441678199,0.918984799769536,0.907636522094963,0.909281422010773,0.007343938562008202,46,0.87570749225398,0.9117914977140932,0.8879503007142642,0.8918164302274457,0.014982747424307495,41,0.8796701907866786,0.9151575485254877,0.8902087185097063,0.8950121526072908,0.014880476564230765,44,False,20,100.0,0.2
XGBoost,f1_macro,8.519218762715658,0.22697510958587047,0.0964500904083252,0.004727306354237314,,,,"{'classifier__learning_rate': 0.1, 'classifier__max_depth': 10, 'classifier__n_estimators': 1000}",0.9883764529433821,0.990626171728534,0.9861215303825956,0.9883747183515039,0.001839012537657273,11,0.9100504734285811,0.9295606085656077,0.8890483280951077,0.9095531366964322,0.016542807603285345,44,0.8698765884638926,0.9317792790456239,0.8751797379437013,0.8922785351510726,0.028015024835118932,39,0.8770472543895799,0.93050698164126,0.8755148605437819,0.894356365524874,0.02556999989467337,45,False,10,1000.0,0.1
XGBoost,f1_macro,10.061749378840128,0.54128514565195,0.11112236976623535,0.005146599399675145,,,,"{'classifier__learning_rate': 0.2, 'classifier__max_depth': 10, 'classifier__n_estimators': 1500}",0.9872515935508062,0.989501312335958,0.9853713428357089,0.9873747495741577,0.001688300441827541,43,0.9268824133527795,0.9251972431358538,0.8992119544486468,0.9170972036457602,0.012665479430250145,23,0.8691421930630654,0.9270819181735643,0.8751637045943347,0.8904626052769881,0.026010192976899344,48,0.8782979377930192,0.9259790039111644,0.8782556085999047,0.8941775167680296,0.022487053850699375,46,False,10,1500.0,0.2
XGBoost,f1_macro,14.369347095489502,0.1674611215803604,0.14630373318990073,0.009916157647716358,,,,"{'classifier__learning_rate': 0.05, 'classifier__max_depth': 20, 'classifier__n_estimators': 1500}",0.9883764529433821,0.990626171728534,0.9842460615153789,0.9877495620624316,0.0026421198200770038,34,0.9106516285401164,0.935067403072014,0.8782292893110782,0.9079827736410695,0.02328067702093151,48,0.8724229004549127,0.9311044638644087,0.8684602239225006,0.8906625294139406,0.028642488810589294,47,0.8784480390434268,0.9330275342375766,0.8689956374018311,0.8934904035609449,0.02822204222239893,47,False,20,1500.0,0.05
XGBoost,f1_macro,11.335888703664144,0.5512491378778838,0.12580060958862305,0.004704471645067603,,,,"{'classifier__learning_rate': 0.1, 'classifier__max_depth': 10, 'classifier__n_estimators': 1500}",0.9876265466816648,0.990626171728534,0.9853713428357089,0.9878746870819692,0.002152438449280969,29,0.9095082224939995,0.9295606085656077,0.8872622151436664,0.9087770154010912,0.017275985632834796,47,0.869511332967089,0.9317792790456239,0.8719096027291217,0.8910667382472782,0.02880475838185525,46,0.8765923726734235,0.93050698164126,0.8732476026471135,0.8934489856539324,0.026239514370249815,48,False,10,1500.0,0.1
