model,scoring,mean_fit_time,std_fit_time,mean_score_time,std_score_time,param_classifier__learning_rate,param_classifier__max_depth,param_classifier__n_estimators,params,split0_test_accuracy,split1_test_accuracy,split2_test_accuracy,mean_test_accuracy,std_test_accuracy,rank_test_accuracy,split0_test_precision_macro,split1_test_precision_macro,split2_test_precision_macro,mean_test_precision_macro,std_test_precision_macro,rank_test_precision_macro,split0_test_recall_macro,split1_test_recall_macro,split2_test_recall_macro,mean_test_recall_macro,std_test_recall_macro,rank_test_recall_macro,split0_test_f1_macro,split1_test_f1_macro,split2_test_f1_macro,mean_test_f1_macro,std_test_f1_macro,rank_test_f1_macro,preproc_scaled
XGBoost,f1_macro,1.2835482756296794,0.16683189248661695,0.027247190475463867,0.003441662234454218,0.1,5,100,"{'classifier__learning_rate': 0.1, 'classifier__max_depth': 5, 'classifier__n_estimators': 100}",0.9861267341582303,0.9910011248593926,0.986496624156039,0.9878748277245539,0.0022157775135145438,27,0.941222882506144,0.9274666052338066,0.9138367230144692,0.92750873691814,0.011180392486699867,3,0.8890870892062889,0.9319650490623432,0.9027892269598742,0.9079471217428354,0.017880767494684084,1,0.9028688915800451,0.929593544025818,0.9060051433354082,0.9128225263137569,0.011927818886729991,1,False
XGBoost,f1_macro,4.483270088831584,0.11553459373409719,0.05685098965962728,0.002073080793409315,0.2,5,500,"{'classifier__learning_rate': 0.2, 'classifier__max_depth': 5, 'classifier__n_estimators': 500}",0.9857517810273716,0.9898762654668166,0.986496624156039,0.9873748902167424,0.0017946877960328049,42,0.9405886679027678,0.9262738888217462,0.9113293522432605,0.9260639696559249,0.011945987827378343,4,0.8892093945961762,0.9293832934685395,0.9016001967326123,0.9067309615991093,0.01679740255194593,2,0.9026138564383606,0.9277018236832788,0.9037862860892885,0.9113673220703093,0.011560150086386474,2,False
XGBoost,f1_macro,9.643208901087442,0.10097151678056025,0.11951812108357747,0.004601149293310356,0.05,5,1000,"{'classifier__learning_rate': 0.05, 'classifier__max_depth': 5, 'classifier__n_estimators': 1000}",0.9857517810273716,0.9898762654668166,0.9872468117029257,0.9876249527323714,0.0017049117184219354,35,0.9398930189950151,0.9248988353074179,0.9186309534056958,0.9278076025693762,0.00892055878366782,1,0.8912642612932854,0.9246615939391117,0.8980659747855924,0.9046639433393299,0.014410536625240016,3,0.9029972420911258,0.9245501929648483,0.9030838784241082,0.9102104378266941,0.010139799785341371,3,False
XGBoost,f1_macro,13.821534554163614,0.18993908369868892,0.14215874671936035,0.02064367546834366,0.05,5,1500,"{'classifier__learning_rate': 0.05, 'classifier__max_depth': 5, 'classifier__n_estimators': 1500}",0.9857517810273716,0.9898762654668166,0.9872468117029257,0.9876249527323714,0.0017049117184219354,35,0.9398930189950151,0.9248988353074179,0.9186309534056958,0.9278076025693762,0.00892055878366782,1,0.8912642612932854,0.9246615939391117,0.8980659747855924,0.9046639433393299,0.014410536625240016,3,0.9029972420911258,0.9245501929648483,0.9030838784241082,0.9102104378266941,0.010139799785341371,3,False
XGBoost,f1_macro,4.9520946343739825,0.4805907209922452,0.05853645006815592,0.010404845112608536,0.1,5,500,"{'classifier__learning_rate': 0.1, 'classifier__max_depth': 5, 'classifier__n_estimators': 500}",0.9865016872890888,0.9902512185976753,0.986496624156039,0.9877498433476011,0.0017687406094152747,32,0.9409321942500268,0.9262112182855945,0.9070224055797835,0.9247219393718016,0.013883609177190235,7,0.8920025411013326,0.9276377844153022,0.8942239834436009,0.9046214363200785,0.016300264031611767,5,0.9038829762886232,0.9267611477069597,0.8970578542792575,0.9092339927582801,0.012702924677856633,5,False
XGBoost,f1_macro,8.77855141957601,0.6164169947161605,0.09439992904663086,0.0035688341274423044,0.1,5,1000,"{'classifier__learning_rate': 0.1, 'classifier__max_depth': 5, 'classifier__n_estimators': 1000}",0.9865016872890888,0.9902512185976753,0.9857464366091523,0.9874997808319721,0.0019698406418268664,40,0.9446407101294214,0.9262112182855945,0.8995982463653848,0.9234833915934669,0.01848939631843707,8,0.9011572107211184,0.9276377844153022,0.8844296111492287,0.9044082020952166,0.017788821732267753,6,0.9134650443088005,0.9267611477069597,0.8871732817457786,0.9091331579205129,0.016449391328169447,6,False
XGBoost,f1_macro,12.79187297821045,0.31103332333604145,0.13251121838887533,0.002995389277144159,0.1,5,1500,"{'classifier__learning_rate': 0.1, 'classifier__max_depth': 5, 'classifier__n_estimators': 1500}",0.9861267341582303,0.9898762654668166,0.9857464366091523,0.9872498120780664,0.0018636612011337333,45,0.9444580028833073,0.9253781215288367,0.8995982463653848,0.9231447902591762,0.018381879938893723,9,0.9007880708170949,0.9272676881902837,0.8844296111492287,0.9041617900522025,0.017650527796675888,7,0.9131868649609313,0.9261615134685862,0.8871732817457786,0.9088405533917654,0.016210868194106384,7,False
XGBoost,f1_macro,7.416790962219238,0.10484188012895108,0.07921703656514485,0.00030507402246735156,0.05,5,500,"{'classifier__learning_rate': 0.05, 'classifier__max_depth': 5, 'classifier__n_estimators': 500}",0.9861267341582303,0.9898762654668166,0.9868717179294824,0.9876249058515097,0.0016207437167204586,37,0.941222882506144,0.9248988353074179,0.9089582326427496,0.925026650152104,0.013172298209443238,6,0.8890870892062889,0.9246615939391117,0.8950897843094018,0.9029461558182675,0.015549453939188055,8,0.9028688915800451,0.9245501929648483,0.8986388525505109,0.9086859790318015,0.011349839068843055,8,False
XGBoost,f1_macro,1.2777151266733806,0.08324058394308959,0.025088071823120117,0.0001680891000438145,0.2,5,100,"{'classifier__learning_rate': 0.2, 'classifier__max_depth': 5, 'classifier__n_estimators': 100}",0.9846269216347957,0.9902512185976753,0.9876219054763691,0.98750001523628,0.0022977267033071113,39,0.9276580955883419,0.9266699474096755,0.9226846051277869,0.9256708827086014,0.0021498061227324472,5,0.8672463236535134,0.9302438786664741,0.9056281999793655,0.9010394674331176,0.025922517035561924,9,0.8778738683175614,0.9283346248032773,0.9101750959307611,0.9054611963505333,0.020868439060249714,9,False
XGBoost,f1_macro,2.2281436125437417,0.08163394494349198,0.032231648763020836,0.0012232660006478186,0.1,20,100,"{'classifier__learning_rate': 0.1, 'classifier__max_depth': 20, 'classifier__n_estimators': 100}",0.9891263592050994,0.9898762654668166,0.9861215303825956,0.9883747183515039,0.00162239162303995,11,0.9315927446804725,0.9303124830752413,0.8994626903126052,0.9204559726894397,0.014853690813163551,12,0.9006251891223177,0.9186044638644087,0.8779766848278504,0.8990687792715256,0.01662269364610891,11,0.9101461207077871,0.9242033351445242,0.8792858421572989,0.9045450993365368,0.01876031048721853,10,False
XGBoost,f1_macro,7.569351514180501,0.6406928929319825,0.09643713633219402,0.03655047663895557,0.2,5,1000,"{'classifier__learning_rate': 0.2, 'classifier__max_depth': 5, 'classifier__n_estimators': 1000}",0.9846269216347957,0.9898762654668166,0.9857464366091523,0.9867498745702549,0.0022574422802558777,46,0.9386505167510599,0.9262738888217462,0.8981523419208441,0.9210255824978835,0.016944695937008418,10,0.8850642175991743,0.9293832934685395,0.8837430538754694,0.899396854981061,0.021210472857666425,10,0.8996934231367987,0.9277018236832788,0.8859006559206143,0.9044319675802305,0.01739108505647631,11,False
XGBoost,f1_macro,6.716670751571655,0.4122198981172198,0.07849494616190593,0.004223360776677426,0.2,20,1000,"{'classifier__learning_rate': 0.2, 'classifier__max_depth': 20, 'classifier__n_estimators': 1000}",0.9883764529433821,0.9898762654668166,0.9853713428357089,0.9878746870819692,0.0018730383005206794,29,0.9153268233421452,0.9392880797690021,0.8951215342825611,0.9165788124645694,0.01805263679029494,28,0.8904306907125557,0.9251520829120279,0.8805442294193041,0.8987090010146291,0.019128738665511295,16,0.8977059584879373,0.9318461734484815,0.8828373446083472,0.9041298255149219,0.0205169178444795,12,False
XGBoost,f1_macro,10.363157192866007,0.34580442707684905,0.09437473615010579,0.013522236251029027,0.2,5,1500,"{'classifier__learning_rate': 0.2, 'classifier__max_depth': 5, 'classifier__n_estimators': 1500}",0.9846269216347957,0.989501312335958,0.9857464366091523,0.986624890193302,0.0020846553194750323,47,0.9386505167510599,0.9251972431358538,0.8981523419208441,0.9206667006025859,0.016840821493798785,11,0.8850642175991743,0.9270819181735643,0.8837430538754694,0.898629729882736,0.020125963865924867,17,0.8996934231367987,0.9259790039111644,0.8859006559206143,0.9038576943228591,0.01662476787399246,13,False
XGBoost,f1_macro,5.2964465618133545,0.48362080894474185,0.058465798695882164,0.006371783162786807,0.1,20,500,"{'classifier__learning_rate': 0.1, 'classifier__max_depth': 20, 'classifier__n_estimators': 500}",0.989501312335958,0.9902512185976753,0.9857464366091523,0.9884996558475952,0.0019707446953778226,9,0.921631107433126,0.933838627260726,0.9053304802115179,0.9202667383017898,0.011678320067250697,13,0.8852313017777895,0.9281282733882182,0.883635121041842,0.8989982320692832,0.020608354756709656,13,0.8926572037736916,0.9308516369527892,0.8871390872371487,0.9035493093212098,0.01943665305729173,14,False
XGBoost,f1_macro,12.5404372215271,0.907054723331024,0.1296102205912272,0.0007343744374814999,0.1,20,1500,"{'classifier__learning_rate': 0.1, 'classifier__max_depth': 20, 'classifier__n_estimators': 1500}",0.9887514060742407,0.9902512185976753,0.9861215303825956,0.9883747183515039,0.0017068492256762493,11,0.920402052647518,0.933838627260726,0.9055161833976347,0.9199189544352929,0.01156763428728277,15,0.8846829182817243,0.9281282733882182,0.8838143646338835,0.8988751854346088,0.02068809581177876,14,0.8917777721575125,0.9308516369527892,0.8873216767211876,0.9033170286104965,0.019554712800362677,15,False
XGBoost,f1_macro,14.0292387008667,0.6033833894849316,0.15226848920186362,0.006053943246697281,0.05,15,1500,"{'classifier__learning_rate': 0.05, 'classifier__max_depth': 15, 'classifier__n_estimators': 1500}",0.9891263592050994,0.990626171728534,0.9853713428357089,0.9883746245897808,0.0022101486182484593,16,0.9264269041676086,0.935067403072014,0.8886782412821389,0.9167241828405871,0.020142751942972426,26,0.8914705195025318,0.9311044638644087,0.8745918484669231,0.8990556106112878,0.02368641143654776,12,0.9007983363342245,0.9330275342375766,0.8750352665625777,0.9029537123781263,0.023724249365577398,16,False
XGBoost,f1_macro,4.553513606389363,0.5129480851892786,0.05304797490437826,0.0019162748533835586,0.2,15,500,"{'classifier__learning_rate': 0.2, 'classifier__max_depth': 15, 'classifier__n_estimators': 500}",0.9883764529433821,0.9910011248593926,0.9853713428357089,0.9882496402128279,0.0023000974631554164,18,0.9195256284582104,0.9354693170127677,0.8951215342825611,0.9167054932511798,0.01659218219022519,27,0.8838223330837897,0.9319650490623432,0.8805442294193041,0.8987772038551456,0.023505478695139116,15,0.8909093396781379,0.9336553202413894,0.8828373446083472,0.9024673348426249,0.022298088124722656,17,False
XGBoost,f1_macro,9.142954349517822,0.154015262140065,0.09360631306966145,0.0022275892442747657,0.1,20,1000,"{'classifier__learning_rate': 0.1, 'classifier__max_depth': 20, 'classifier__n_estimators': 1000}",0.9880014998125234,0.9902512185976753,0.9857464366091523,0.9879997183397836,0.0018390699771468092,25,0.9175693833373185,0.933838627260726,0.9053304802115179,0.918912830269854,0.011677107212839514,17,0.8788520144916369,0.9281282733882182,0.883635121041842,0.896871802973899,0.02218775539403903,20,0.8877900364011045,0.9308516369527892,0.8871390872371487,0.9019269201970141,0.020454589758044893,18,False
XGBoost,f1_macro,7.2771890958150225,0.17363773988974865,0.07590254147847493,0.003280053630073495,0.05,15,500,"{'classifier__learning_rate': 0.05, 'classifier__max_depth': 15, 'classifier__n_estimators': 500}",0.989501312335958,0.9902512185976753,0.9849962490622656,0.9882495933319663,0.002320743638468281,20,0.9272804136732631,0.933838627260726,0.8872710585608624,0.9161300331649506,0.020581267417472068,32,0.8918396594065554,0.9281282733882182,0.8723022152644919,0.8974233826864219,0.02313036482862602,19,0.901402999927918,0.9308516369527892,0.8734691882750404,0.9019079417185826,0.02342900735872219,19,False
XGBoost,f1_macro,11.071095863978067,0.39097691694448067,0.11449782053629558,0.0033248613423472774,0.05,15,1000,"{'classifier__learning_rate': 0.05, 'classifier__max_depth': 15, 'classifier__n_estimators': 1000}",0.989501312335958,0.9898762654668166,0.9857464366091523,0.9883746714706422,0.0018647361436136551,15,0.9272804136732631,0.9326006710777149,0.8890514990342712,0.9163108612617497,0.019397266242077688,31,0.8918396594065554,0.9251520829120279,0.8754576493327239,0.8974831305504357,0.020676407765144993,18,0.901402999927918,0.9286398265762277,0.8756793211209004,0.901907382541682,0.021623977214914897,20,False
XGBoost,f1_macro,4.693723201751709,0.29440563445441137,0.054510037104288735,0.002471018756714977,0.2,20,500,"{'classifier__learning_rate': 0.2, 'classifier__max_depth': 20, 'classifier__n_estimators': 500}",0.9880014998125234,0.9898762654668166,0.9857464366091523,0.9878747339628308,0.0016883766925433607,28,0.9062087772168065,0.9392880797690021,0.905331380933086,0.9169427459729649,0.015804596649960517,24,0.880906881188746,0.9251520829120279,0.8835204198954945,0.8965264613320896,0.020269473011917786,22,0.8865242451164776,0.9318461734484815,0.8870817882920432,0.9018174022856674,0.021234767666253464,21,False
XGBoost,f1_macro,2.164224704106649,0.19191921929708416,0.027308940887451172,0.002160742356140874,0.05,5,100,"{'classifier__learning_rate': 0.05, 'classifier__max_depth': 5, 'classifier__n_estimators': 100}",0.983127109111361,0.990626171728534,0.9853713428357089,0.9863748745585346,0.003142641349046824,48,0.9333655397854276,0.9225855504889013,0.899863265470865,0.9186047852483981,0.013963893081492927,19,0.8754941225931508,0.9306139748914927,0.8843325855850176,0.8968135610232203,0.024171341022852115,21,0.8888333438549736,0.9261869882463705,0.8874892739276772,0.9008365353430071,0.01793387349489971,22,False
XGBoost,f1_macro,2.6980111598968506,0.13122882380133677,0.040128866831461586,0.005356472440572181,0.05,10,100,"{'classifier__learning_rate': 0.05, 'classifier__max_depth': 10, 'classifier__n_estimators': 100}",0.989501312335958,0.9902512185976753,0.9861215303825956,0.9886246871054096,0.0017962804225338058,4,0.9395564389689053,0.9340615361210984,0.883763066524306,0.9191270138714366,0.025106507367674957,16,0.8859126433836825,0.9286949138477636,0.8736412044607235,0.8960829205640565,0.023598073830468948,24,0.8967265979630158,0.9312398556843238,0.8745279231580209,0.9008314589351202,0.023333784311125826,23,False
XGBoost,f1_macro,6.965450207392375,0.5657583519595967,0.08037853240966797,0.00668606935424931,0.2,15,1000,"{'classifier__learning_rate': 0.2, 'classifier__max_depth': 15, 'classifier__n_estimators': 1000}",0.9887514060742407,0.9910011248593926,0.9849962490622656,0.9882495933319664,0.002477027163888504,19,0.9214968651714572,0.9421422228614977,0.8870774126791175,0.9169055002373575,0.022713341220142708,25,0.8846829182817243,0.9319650490623432,0.8716156579907326,0.8960878751116,0.025923824703633098,23,0.8924929325201943,0.9368566816535552,0.8730077142179692,0.900785776130573,0.026717673326935705,24,False
XGBoost,f1_macro,5.272742748260498,0.07781087991846647,0.05838418006896973,0.009950439226556687,0.1,15,500,"{'classifier__learning_rate': 0.1, 'classifier__max_depth': 15, 'classifier__n_estimators': 500}",0.989501312335958,0.9898762654668166,0.9861215303825956,0.9884997027284568,0.0016885743972454037,5,0.9221997490566759,0.9243148177369165,0.9067064212943315,0.9177403293626414,0.007849786592660429,20,0.8831764350806803,0.9186044638644087,0.8859247542442733,0.8959018843964541,0.016092309766476225,26,0.8922512776798562,0.9213278274289797,0.8886784882757672,0.9007525311282011,0.014621863069393008,25,False
XGBoost,f1_macro,8.521832784016928,0.8744065110818513,0.06103038787841797,0.0011830608254965514,0.2,20,1500,"{'classifier__learning_rate': 0.2, 'classifier__max_depth': 20, 'classifier__n_estimators': 1500}",0.9876265466816648,0.9898762654668166,0.9846211552888222,0.9873746558124346,0.002152770695826858,44,0.9147796158536153,0.9392880797690021,0.8868930902209702,0.9136535952811959,0.021404978769462756,36,0.8898823072164904,0.9251520829120279,0.8713217132523434,0.8954520344602872,0.022326271081430635,29,0.8971581636798532,0.9318461734484815,0.8727676417375941,0.9005906596219764,0.024240527339878564,26,False
XGBoost,f1_macro,1.766053597132365,0.2013696546348275,0.027702172597249348,0.003788286620995355,0.1,10,100,"{'classifier__learning_rate': 0.1, 'classifier__max_depth': 10, 'classifier__n_estimators': 100}",0.989501312335958,0.9898762654668166,0.9876219054763691,0.9889998277597144,0.0009862892837263575,1,0.9279688218989194,0.924892276832147,0.9034244404389365,0.918761846390001,0.010917670641908328,18,0.8897847927094462,0.9099412395385337,0.8807533310172945,0.8934931210884248,0.012201018413389662,36,0.9009827485382861,0.9168708475021089,0.8831437063889455,0.9003324341431135,0.01377672417585149,27,False
XGBoost,f1_macro,8.554038445154825,1.1330679381857731,0.11327679951985677,0.020858961313345883,0.1,15,1000,"{'classifier__learning_rate': 0.1, 'classifier__max_depth': 15, 'classifier__n_estimators': 1000}",0.9883764529433821,0.990626171728534,0.9861215303825956,0.9883747183515039,0.001839012537657273,11,0.9179344384451779,0.935067403072014,0.8994635910341733,0.9174884775171218,0.014538615678449511,21,0.8790312580836784,0.9311044638644087,0.8778619836815027,0.8959992352098632,0.024827734623774193,25,0.8880622530421373,0.9330275342375766,0.8792288465600925,0.9001062112799354,0.023556561668747263,28,False
XGBoost,f1_macro,10.82896622021993,0.2770486735762825,0.10854816436767578,0.004281285635793723,0.2,15,1500,"{'classifier__learning_rate': 0.2, 'classifier__max_depth': 15, 'classifier__n_estimators': 1500}",0.9876265466816648,0.9910011248593926,0.9849962490622656,0.9878746402011077,0.0024577491234220408,31,0.908167835392437,0.9421422228614977,0.8870774126791175,0.9124624903110173,0.02268430258655613,38,0.8832739495877245,0.9319650490623432,0.8716156579907326,0.8956182188802669,0.026138069157886044,27,0.888671868098151,0.9368566816535552,0.8730077142179692,0.8995120879898918,0.027169902908961593,29,False
XGBoost,f1_macro,2.2358924547831216,0.08291478115413094,0.04428545633951823,0.013578937683694304,0.1,15,100,"{'classifier__learning_rate': 0.1, 'classifier__max_depth': 15, 'classifier__n_estimators': 100}",0.9891263592050994,0.989501312335958,0.9861215303825956,0.9882497339745511,0.001512632442508512,17,0.9258741234627575,0.9244812542626459,0.9009515614726743,0.9171023130660259,0.011434453898190547,22,0.8889242075115117,0.9090806543405991,0.878548540955262,0.8921844676024575,0.012676078753285172,40,0.8993885503450793,0.9162432675826025,0.8805563729565601,0.898729396961414,0.01457656736912507,30,False
XGBoost,f1_macro,7.044830401738484,0.10598099905148471,0.07339390118916829,0.0019381090077372277,0.05,10,500,"{'classifier__learning_rate': 0.05, 'classifier__max_depth': 10, 'classifier__n_estimators': 500}",0.9887514060742407,0.9902512185976753,0.9868717179294824,0.9886247808671328,0.0013825777009835534,3,0.9115051380457707,0.933838627260726,0.8974491684649865,0.914264311257161,0.014983501047697908,34,0.8727920403589363,0.9281282733882182,0.8849741102380736,0.8952981413284093,0.023741158142677216,30,0.8790527026371203,0.9308516369527892,0.8859937625516309,0.8986327007138467,0.022957779617680543,31,False
XGBoost,f1_macro,7.549950361251831,0.574493418300723,0.08383687337239583,0.003479377310254688,0.2,10,1000,"{'classifier__learning_rate': 0.2, 'classifier__max_depth': 10, 'classifier__n_estimators': 1000}",0.9876265466816648,0.9898762654668166,0.9857464366091523,0.9877497495858779,0.0016882448114544232,33,0.927060536113642,0.9264890690166927,0.9068996057803659,0.9201497369702336,0.009372161830735805,14,0.8693282049678274,0.9300581086497548,0.8840922760229061,0.8944928632134962,0.025860645270833756,32,0.8784805979577348,0.9281521152458554,0.8883663735704828,0.898333028924691,0.021468047134259653,32,False
XGBoost,f1_macro,4.7824141184488935,0.22066183065974326,0.05570538838704427,0.004366863870488135,0.2,10,500,"{'classifier__learning_rate': 0.2, 'classifier__max_depth': 10, 'classifier__n_estimators': 500}",0.9876265466816648,0.9898762654668166,0.986496624156039,0.9879998121015068,0.0014047512597410309,23,0.90884220825676,0.9264890690166927,0.9086222514214085,0.9146511762316204,0.008371135902433017,33,0.8693282049678274,0.9300581086497548,0.8873624112374859,0.8955829082850227,0.02546517529340107,28,0.8761729024120031,0.9281521152458554,0.8906146023838636,0.898313206680574,0.02190754851331272,33,False
XGBoost,f1_macro,1.5477904478708904,0.1308505361717222,0.028321584065755207,0.0018981864966564972,0.2,15,100,"{'classifier__learning_rate': 0.2, 'classifier__max_depth': 15, 'classifier__n_estimators': 100}",0.989501312335958,0.990626171728534,0.986496624156039,0.9888747027401771,0.0017431332856895634,2,0.9148446164222704,0.9319381412288447,0.8958704901569903,0.9142177492693685,0.014731227269099709,35,0.8765680774519146,0.9224412395385337,0.8819979197618831,0.8936690789174438,0.020465397088453633,35,0.8825913620857876,0.9270044649047866,0.8839608818948355,0.8978522362951366,0.020621319401836178,34,False
XGBoost,f1_macro,2.3190385500590005,0.35228012004061793,0.029341936111450195,0.005567124286207784,0.05,15,100,"{'classifier__learning_rate': 0.05, 'classifier__max_depth': 15, 'classifier__n_estimators': 100}",0.9891263592050994,0.9887514060742407,0.9846211552888222,0.9874996401893874,0.0020411441162040624,41,0.9207984790142909,0.9299912760412937,0.8986027455435168,0.916464166866367,0.01317572662257373,29,0.8802609831856366,0.9182131186221572,0.8762290497468819,0.8915677171848918,0.018912908909497077,44,0.8902367406415816,0.9238356668582711,0.8779552087266075,0.8973425387421535,0.019392840338252018,35,False
XGBoost,f1_macro,6.641441186269124,0.37105286797933196,0.07241988182067871,0.004490930406267929,0.05,20,500,"{'classifier__learning_rate': 0.05, 'classifier__max_depth': 20, 'classifier__n_estimators': 500}",0.9891263592050994,0.990626171728534,0.9846211552888222,0.988124562074152,0.0025518298962356545,22,0.9202091641208104,0.9327427729424412,0.8868921894994022,0.9132813755208846,0.019348810328298712,37,0.8823158498827458,0.9245568448167898,0.8714364143986909,0.8927697030327422,0.022911530084396194,38,0.8906743949651632,0.9285155205275861,0.8728252449697563,0.8973383868208352,0.02321864607761186,36,False
XGBoost,f1_macro,11.311013221740723,0.11209030227131837,0.10091423988342285,0.017346075319812398,0.05,20,1000,"{'classifier__learning_rate': 0.05, 'classifier__max_depth': 20, 'classifier__n_estimators': 1000}",0.9887514060742407,0.990626171728534,0.9849962490622656,0.9881246089550134,0.0023407496347031456,21,0.9115051380457707,0.935067403072014,0.8866196329109931,0.9110640580095927,0.019781178294741224,42,0.8727920403589363,0.9311044638644087,0.8775680389431136,0.8938215143888195,0.026435030821727396,34,0.8790527026371203,0.9330275342375766,0.8787579388361183,0.8969460585702717,0.02551373990842749,37,False
XGBoost,f1_macro,10.788844188054403,0.9040145728590749,0.09913372993469238,0.019851055087445488,0.05,10,1000,"{'classifier__learning_rate': 0.05, 'classifier__max_depth': 10, 'classifier__n_estimators': 1000}",0.9887514060742407,0.990626171728534,0.9861215303825956,0.9884997027284568,0.0018476046374686246,5,0.9115051380457707,0.9293442967888831,0.8885976657939315,0.9098157002095285,0.016677582448935902,43,0.8727920403589363,0.9311044638644087,0.8811321188960823,0.895009541039809,0.025749068821827207,31,0.8790527026371203,0.9300616123443325,0.8813006245049724,0.8968049798288084,0.02353389035533582,38,False
XGBoost,f1_macro,11.875017325083414,0.9056322644957296,0.11294984817504883,0.0173591163854256,0.1,15,1500,"{'classifier__learning_rate': 0.1, 'classifier__max_depth': 15, 'classifier__n_estimators': 1500}",0.9880014998125234,0.9898762654668166,0.9861215303825956,0.9879997652206453,0.001532864669994649,24,0.9092072633646193,0.9403356863149116,0.8994635910341733,0.9163355135712349,0.0174306436372943,30,0.869507448559869,0.9279425033714989,0.8778619836815027,0.8917706452042902,0.025803773066822994,42,0.8764451190530357,0.9338730423358709,0.8792288465600925,0.896515669316333,0.026440086660209187,39,False
XGBoost,f1_macro,13.859623432159424,0.47106453721356006,0.14904109636942545,0.00627388963402106,0.05,10,1500,"{'classifier__learning_rate': 0.05, 'classifier__max_depth': 10, 'classifier__n_estimators': 1500}",0.9887514060742407,0.990626171728534,0.9861215303825956,0.9884997027284568,0.0018476046374686246,5,0.9115051380457707,0.9285076192902003,0.8885976657939315,0.9095368077099675,0.016352509292699127,45,0.8727920403589363,0.9289888585861528,0.8811321188960823,0.8943043392803904,0.024760871512735424,33,0.8790527026371203,0.9285110250490503,0.8813006245049724,0.8962881173970475,0.02280351027573179,40,False
XGBoost,f1_macro,2.5450644493103027,0.28928294786017716,0.03130261103312174,0.0022814201979930895,0.05,20,100,"{'classifier__learning_rate': 0.05, 'classifier__max_depth': 20, 'classifier__n_estimators': 100}",0.9898762654668166,0.9887514060742407,0.9842460615153789,0.9876245776854787,0.002432708476436132,38,0.9235918539742787,0.9303881930885918,0.8795475671026403,0.9111758713885036,0.022536041952667066,41,0.886091886975724,0.917722629649241,0.8705706135328901,0.8914617100526184,0.019620642290999104,45,0.8942382452342954,0.9238033796589732,0.8704418025130191,0.8961611424687627,0.021827163950860935,41,False
XGBoost,f1_macro,5.265539725621541,0.35594000019539734,0.05739164352416992,0.010085800365303068,0.1,10,500,"{'classifier__learning_rate': 0.1, 'classifier__max_depth': 10, 'classifier__n_estimators': 500}",0.9887514060742407,0.990626171728534,0.9861215303825956,0.9884997027284568,0.0018476046374686246,5,0.9115051380457707,0.935067403072014,0.8890483280951077,0.9118736230709641,0.018789015431768887,40,0.8727920403589363,0.9311044638644087,0.8751797379437013,0.893025414055682,0.0269435929389615,37,0.8790527026371203,0.9330275342375766,0.8755148605437819,0.8958650324728262,0.026317519319908694,42,False
XGBoost,f1_macro,1.6935913562774658,0.11115917111318066,0.038086652755737305,0.01223619392418438,0.2,10,100,"{'classifier__learning_rate': 0.2, 'classifier__max_depth': 10, 'classifier__n_estimators': 100}",0.9887514060742407,0.989501312335958,0.9857464366091523,0.9879997183397836,0.0016224567315316382,25,0.913063691058395,0.9164495501002652,0.9067060080316249,0.9120730830634284,0.004038987592669684,39,0.8734733819648293,0.9177438786664742,0.883635121041842,0.8916174605577152,0.018934228752228797,43,0.8803362514936975,0.9169449236068351,0.8880202712697512,0.895100482123428,0.015761678374487813,43,False
XGBoost,f1_macro,1.6308157444000244,0.1492495639958012,0.04342317581176758,0.014004970127463393,0.2,20,100,"{'classifier__learning_rate': 0.2, 'classifier__max_depth': 20, 'classifier__n_estimators': 100}",0.9891263592050994,0.9887514060742407,0.9872468117029257,0.9883748589940886,0.0008122050155431341,10,0.9012229441678199,0.918984799769536,0.907636522094963,0.909281422010773,0.007343938562008202,46,0.87570749225398,0.9117914977140932,0.8879503007142642,0.8918164302274457,0.014982747424307495,41,0.8796701907866786,0.9151575485254877,0.8902087185097063,0.8950121526072908,0.014880476564230765,44,False
XGBoost,f1_macro,8.415489912033081,0.8987192759919672,0.09320910771687825,0.0062183746034910475,0.1,10,1000,"{'classifier__learning_rate': 0.1, 'classifier__max_depth': 10, 'classifier__n_estimators': 1000}",0.9883764529433821,0.990626171728534,0.9861215303825956,0.9883747183515039,0.001839012537657273,11,0.9100504734285811,0.9295606085656077,0.8890483280951077,0.9095531366964322,0.016542807603285345,44,0.8698765884638926,0.9317792790456239,0.8751797379437013,0.8922785351510726,0.028015024835118932,39,0.8770472543895799,0.93050698164126,0.8755148605437819,0.894356365524874,0.02556999989467337,45,False
XGBoost,f1_macro,10.286615371704102,0.4851533516564407,0.14780465761820474,0.08289135075566613,0.2,10,1500,"{'classifier__learning_rate': 0.2, 'classifier__max_depth': 10, 'classifier__n_estimators': 1500}",0.9872515935508062,0.989501312335958,0.9853713428357089,0.9873747495741577,0.001688300441827541,43,0.9268824133527795,0.9251972431358538,0.8992119544486468,0.9170972036457602,0.012665479430250145,23,0.8691421930630654,0.9270819181735643,0.8751637045943347,0.8904626052769881,0.026010192976899344,48,0.8782979377930192,0.9259790039111644,0.8782556085999047,0.8941775167680296,0.022487053850699375,46,False
XGBoost,f1_macro,15.271350145339966,0.48157273603037415,0.1534303824106852,0.00541584761330224,0.05,20,1500,"{'classifier__learning_rate': 0.05, 'classifier__max_depth': 20, 'classifier__n_estimators': 1500}",0.9883764529433821,0.990626171728534,0.9842460615153789,0.9877495620624316,0.0026421198200770038,34,0.9106516285401164,0.935067403072014,0.8782292893110782,0.9079827736410695,0.02328067702093151,48,0.8724229004549127,0.9311044638644087,0.8684602239225006,0.8906625294139406,0.028642488810589294,47,0.8784480390434268,0.9330275342375766,0.8689956374018311,0.8934904035609449,0.02822204222239893,47,False
XGBoost,f1_macro,11.276057402292887,0.5883446026972917,0.12524747848510742,0.009103776281527092,0.1,10,1500,"{'classifier__learning_rate': 0.1, 'classifier__max_depth': 10, 'classifier__n_estimators': 1500}",0.9876265466816648,0.990626171728534,0.9853713428357089,0.9878746870819692,0.002152438449280969,29,0.9095082224939995,0.9295606085656077,0.8872622151436664,0.9087770154010912,0.017275985632834796,47,0.869511332967089,0.9317792790456239,0.8719096027291217,0.8910667382472782,0.02880475838185525,46,0.8765923726734235,0.93050698164126,0.8732476026471135,0.8934489856539324,0.026239514370249815,48,False
