{
    "uci_id": 579,
    "name": "Myocardial infarction complications",
    "repository_url": "https://archive.ics.uci.edu/dataset/579/myocardial+infarction+complications",
    "data_url": "https://archive.ics.uci.edu/static/public/579/data.csv",
    "abstract": "Prediction of myocardial infarction complications",
    "area": "Health and Medicine",
    "tasks": [
        "Classification"
    ],
    "characteristics": [
        "Multivariate"
    ],
    "num_instances": 1700,
    "num_features": 111,
    "feature_types": [
        "Real"
    ],
    "demographics": [
        "Age",
        "Sex"
    ],
    "target_col": [
        "FIBR_PREDS",
        "PREDS_TAH",
        "JELUD_TAH",
        "FIBR_JELUD",
        "A_V_BLOK",
        "OTEK_LANC",
        "RAZRIV",
        "DRESSLER",
        "ZSN",
        "REC_IM",
        "P_IM_STEN",
        "LET_IS"
    ],
    "index_col": [
        "ID"
    ],
    "has_missing_values": "yes",
    "missing_values_symbol": "NaN",
    "year_of_dataset_creation": 2020,
    "last_updated": "Fri Nov 03 2023",
    "dataset_doi": "10.24432/C53P5M",
    "creators": [
        "S.E. Golovenkin",
        "V.A. Shulman",
        "D.A. Rossiev",
        "P.A. Shesternya",
        "S.Yu. Nikulina",
        "Yu.V. Orlova",
        "V.F. Voino-Yasenetsky"
    ],
    "intro_paper": {
        "ID": 228,
        "type": "NATIVE",
        "title": "Trajectories, bifurcations, and pseudo-time in large clinical datasets: applications to myocardial infarction and diabetes data",
        "authors": "S. E. Golovenkin, Jonathan Bac, A. Chervov, E. M. Mirkes, Y. Orlova, E. Barillot, A. Gorban, A. Zinovyev",
        "venue": "GigaScience",
        "year": 2020,
        "journal": null,
        "DOI": null,
        "URL": "https://www.semanticscholar.org/paper/0ea5a469d4f0d83ce6a0d2f7215269877afaf628",
        "sha": null,
        "corpus": null,
        "arxiv": null,
        "mag": null,
        "acl": null,
        "pmid": "33241287",
        "pmcid": null
    },
    "additional_info": {
        "summary": "Problems of real-life complexity are needed to test and compare various data mining and pattern recognition methods. The proposed database can be used to solve two practically important problems: predicting complications of Myocardial Infarction (MI) based on information about the patient (i) at the time of admission and (ii) on the third day of the hospital period. Another important group of tasks is phenotyping of disease (cluster analysis), dynamic phenotyping (filament extraction and identification of disease trajectories) and visualisation (disease mapping). \r\nMI is one of the most challenging problems of modern medicine. Acute myocardial infarction is associated with high mortality in the first year after it. The incidence of MI remains high in all countries. This is especially true for the urban population of highly developed countries, which is exposed to chronic stress factors, irregular and not always balanced nutrition. In the United States, for example, more than a million people suffer from MI every year, and 200-300 thousand of them die from acute MI before arriving at the hospital. \r\nThe course of the disease in patients with MI is different. MI can occur without complications or with complications that do not worsen the long-term prognosis. At the same time, about half of patients in the acute and subacute periods have complications that lead to worsening of the disease and even death. Even an experienced specialist can not always foresee the development of these complications. In this regard, predicting complications of myocardial infarction in order to timely carry out the necessary preventive measures is an important task. \r\n\r\nProblems to solve\r\nIn general columns 2-112 can be used as input data for prediction. Possible complications (outputs) are listed in columns 113-124.\r\nThere are four possible time moments for complication prediction: on base of the information known at\r\n1.\tthe time of admission to hospital: all input columns (2-112) except 93, 94, 95, 100, 101, 102, 103, 104, 105 can be used for prediction;\r\n2.\tthe end of the first day (24 hours after admission to the hospital): all input columns (2-112) except 94, 95, 101, 102, 104, 105 can be used for prediction;\r\n3.\tthe end of the second day (48 hours after admission to the hospital) all input columns (2-112) except 95, 102, 105 can be used for prediction;\r\n4.\tthe end of the third day (72 hours after admission to the hospital) all input columns (2-112) can be used for prediction.\r\n\r\nYou can find detailed description of database, descriptive statistics and csv version of database in DOI: 10.25392/leicester.data.12045261.v3\r\n",
        "purpose": null,
        "funded_by": null,
        "instances_represent": null,
        "recommended_data_splits": null,
        "sensitive_data": null,
        "preprocessing_description": null,
        "variable_info": "Table of abbreviations\r\nFC is the functional class of angina pectoris in the last year according to Campeau, L., 1976. Grading of angina pectoris. Circulation, 54(3), pp.522-523.\r\nCHD is coronary heart disease.\r\nHF is heart failure.\r\nECG is electrocardiogram.\r\nAV is atrioventricular block.\r\nLBBB is left bundle branch block.\r\nRBBB is right bundle branch block.\r\nQRS is QRS complex in ECG\r\nIU is international unit.\r\nICU is intensive care unit.\r\nESR is erythrocyte sedimentation rate.\r\nNSAID is non-steroidal anti-inflammatory drugs.\r\n\r\nList of attributes\r\n1. Record ID (ID): Unique identifier. Cannot be related to participant. It can be used for reference only.\r\n2. Age (AGE): Real. Age of patient.\r\n3. Gender (SEX): Nominal: \r\n\t\t\tCases\tFraction\r\n0: female\t635\t37.35%\r\n1: male\t1065\t62.65%\r\nMissing\t\t0\t0%\r\n4. Quantity of myocardial infarctions in the anamnesis (INF_ANAM): Ordinal\r\n\t\t\tCases\tFraction\r\n0: zero\t\t1060\t62.35%\r\n1: one\t\t\t410\t24.12%\r\n2: two\t\t\t147\t8.65%\r\n3: three and more\t79\t4.65%\r\nMissing\t\t\t4\t0.24%\r\n5. Exertional angina pectoris in the anamnesis (STENOK_AN): Ordinal\r\n\t\t\t\tCases\tFraction\r\n0: never\t\t\t661\t38.88%\r\n1: during the last year\t146\t8.59%\r\n2: one year ago\t\t137\t8.06%\r\n3: two years ago\t\t117\t6.88%\r\n4: three years ago\t\t76\t4.47%\r\n5: 4-5 years ago\t\t125\t7.35%\r\n6: more than 5 years ago\t332\t19.53%\r\nMissing\t\t\t\t106\t6.24%\r\n6. Functional class (FC) of angina pectoris in the last year (FK_STENOK): Ordinal\r\n\t\t\t\t\tCases\tFraction\r\n0: there is no angina pectoris\t\t661\t38.88%\r\n1: I FC\t\t\t\t47\t2.76%\r\n2: II FC\t\t\t\t854\t50.24%\r\n3: III FC\t\t\t\t54\t3.18%\r\n4: IV FC\t\t\t\t11\t0.65%\r\nMissing\t\t\t\t\t73\t4.29%\r\n7. Coronary heart disease (CHD) in recent weeks, days before admission to hospital (IBS_POST): Ordinal\r\n\t\t\t\t\tCases\tFraction\r\n0: there was no \u00d0\u00a1HD\t\t\t418\t24.59%\r\n1: exertional angina pectoris\t\t548\t32.24%\r\n2: unstable angina pectoris\t\t683\t40.18%\r\nMissing\t\t\t\t\t51\t3.00%\r\n8. Heredity on CHD (IBS_NASL): Nominal\r\n\t\t\tCases\tFraction\r\n0: isn\u00e2\u20ac\u2122t burdened\t45\t2.65%\r\n1: burdened\t\t27\t1.59%\r\nMissing\t\t\t1628\t95.76%\r\n9. Presence of an essential hypertension (GB): Ordinal\r\n\t\t\t\t\tCases\tFraction\r\n0: there is no essential hypertension\t605\t35.59%\r\n1: Stage 1\t\t\t\t11\t0.65%\r\n2: Stage 2\t\t\t\t880\t51.76%\r\n3: Stage 3\t\t\t\t195\t11.47%\r\nMissing\t\t\t\t\t9\t0.53%\r\n10. Symptomatic hypertension (SIM_GIPERT): Nominal\r\n\t\t\tCases\tFraction\r\n0: no\t\t1635\t96.18%\r\n1: yes\t\t57\t3.35%\r\nMissing\t\t8\t0.47%\r\n11. Duration of arterial hypertension (DLIT_AG): Ordinal\r\n\t\t\t\t\tCases\tFraction\r\n0: there was no arterial hypertension\t551\t32.41%\r\n1: one year\t\t\t\t93\t5.47%\r\n2: two years\t\t\t\t58\t3.41%\r\n3: three years\t\t\t\t58\t3.41%\r\n4: four years\t\t\t\t22\t1.29%\r\n5: five years\t\t\t\t73\t4.29%\r\n6: 6-10 years\t\t\t\t165\t9.71%\r\n7: more than 10 years\t\t\t432\t25.41%\r\nMissing\t\t\t\t\t248\t14.59%\r\n12. Presence of chronic Heart failure (HF) in the anamnesis (ZSN_A): Partially ordered attribute: there are two lines of severities:\r\n0<1<2<4,\r\n0<1<3<4.\r\nState 4 means simultaneous states 2 and 3\r\n\t\t\t\t\t\t\tCases\tFraction\r\n0: there is no chronic heart failure\t\t\t1468\t86.35%\r\n1: I stage\t\t\t\t\t\t103\t6.06%\r\n2: II\u00d0 stage (heart failure due to right \r\nventricular systolic dysfunction)\t\t\t27\t1.59%\r\n3: II\u00d0 stage (heart failure due to left \r\nventricular systolic dysfunction)\t\t\t29\t1.71%\r\n4: IIB stage (heart failure due to left and\r\n right ventricular systolic dysfunction)\t\t19\t1.12%\r\nMissing\t\t\t\t\t\t\t54\t3.18%\r\n13. Observing of arrhythmia in the anamnesis (nr11): Nominal\r\n\t\tCases\tFraction\r\n0: no\t\t1637\t96.29%\r\n1: yes\t\t42\t2.47%\r\nMissing\t\t21\t1.24%\r\n14. Premature atrial contractions in the anamnesis (nr01): Nominal\r\n\t\tCases\tFraction\r\n0: no\t\t1675\t98.53%\r\n1: yes\t\t4\t0.24%\r\nMissing\t\t21\t1.24%\r\n15. Premature ventricular contractions in the anamnesis (nr02): Nominal\r\n\t\tCases\tFraction\r\n0: no\t\t1660\t97.65%\r\n1: yes\t\t19\t1.12%\r\nMissing\t\t21\t1.24%\r\n16. Paroxysms of atrial fibrillation in the anamnesis (nr03): Nominal\r\n\t\tCases\tFraction\r\n0: no\t\t1644\t96.71%\r\n1: yes\t\t35\t2.06%\r\nMissing\t\t21\t1.24%\r\n17. A persistent form of atrial fibrillation in the anamnesis (nr04): Nominal\r\n\t\tCases\tFraction\r\n0: no\t\t1650\t97.06%\r\n1: yes\t\t29\t1.71%\r\nMissing\t\t21\t1.24%\r\n18. Ventricular fibrillation in the anamnesis (nr07): Nominal\r\n\t\tCases\tFraction\r\n0: no\t\t1678\t98.71%\r\n1: yes\t\t1\t0.06%\r\nMissing\t\t21\t1.24%\r\n19. Ventricular paroxysmal tachycardia in the anamnesis (nr08): Nominal\r\n\t\tCases\tFraction\r\n0: no\t\t1675\t98.53%\r\n1: yes\t\t4\t0.24%\r\nMissing\t\t21\t1.24%\r\n20. First-degree AV block in the anamnesis (np01): Nominal\r\n\t\tCases\tFraction\r\n0: no\t\t1680\t98.82%\r\n1: yes\t\t2\t0.12%\r\nMissing\t\t18\t1.06%\r\n21. Third-degree AV block in the anamnesis (np04): Nominal\r\n\t\tCases\tFraction\r\n0: no\t\t1679\t98.76%\r\n1: yes\t\t3\t0.18%\r\nMissing\t\t18\t1.06%\r\n22. LBBB (anterior branch) in the anamnesis (np05): Nominal\r\n\t\tCases\tFraction\r\n0: no\t\t1671\t98.29%\r\n1: yes\t\t11\t0.65%\r\nMissing\t\t18\t1.06%\r\n23. Incomplete LBBB in the anamnesis (np07): Nominal\r\n\t\tCases\tFraction\r\n0: no\t\t1681\t98.88%\r\n1: yes\t\t1\t0.06%\r\nMissing\t\t18\t1.06%\r\n24. Complete LBBB in the anamnesis (np08): Nominal\r\n\t\tCases\tFraction\r\n0: no\t\t1676\t98.59%\r\n1: yes\t\t6\t0.35%\r\nMissing\t\t18\t1.06%\r\n25. Incomplete RBBB in the anamnesis (np09): Nominal\r\n\t\tCases\tFraction\r\n0: no\t\t1680\t98.82%\r\n1: yes\t\t2\t0.12%\r\nMissing\t\t18\t1.06%\r\n26. Complete RBBB in the anamnesis (np10): Nominal\r\n\t\tCases\tFraction\r\n0: no\t\t1679\t98.76%\r\n1: yes\t\t3\t0.18%\r\nMissing\t\t18\t1.06%\r\n27. Diabetes mellitus in the anamnesis (endocr_01): Nominal\r\n\t\tCases\tFraction\r\n0: no\t\t1461\t85.94%\r\n1: yes\t\t228\t13.41%\r\nMissing\t\t11\t0.65%\r\n28. Obesity in the anamnesis (endocr_02): Nominal\r\n\t\tCases\tFraction\r\n0: no\t\t1648\t96.94%\r\n1: yes\t\t42\t2.47%\r\nMissing\t\t10\t0.59%\r\n29. Thyrotoxicosis in the anamnesis (endocr_03): Nominal\r\n\t\tCases\tFraction\r\n0: no\t\t1677\t98.65%\r\n1: yes\t\t13\t0.76%\r\nMissing\t\t10\t0.59%\t\r\n30. Chronic bronchitis in the anamnesis (zab_leg_01): Nominal\r\n\t\tCases\tFraction\r\n0: no\t\t1559\t91.71%\r\n1: yes\t\t134\t7.88%\r\nMissing\t\t7\t0.41%\r\n31.Obstructive chronic bronchitis in the anamnesis (zab_leg_02): Nominal\r\n\t\tCases\tFraction\r\n0: no\t\t1572\t92.47%\r\n1: yes\t\t121\t7.12%\r\nMissing\t\t7\t0.41%\r\n32. Bronchial asthma in the anamnesis (zab_leg_03): Nominal\r\n\t\tCases\tFraction\r\n0: no\t\t1656\t97.41%\r\n1: yes\t\t37\t2.18%\r\nMissing\t\t7\t0.41%\r\n33. Chronic pneumonia in the anamnesis (zab_leg_04): Nominal\r\n\t\tCases\tFraction\r\n0: no\t\t1684\t99.06%\r\n1: yes\t\t9\t0.53%\r\nMissing\t\t7\t0.41%\r\n34. Pulmonary tuberculosis in the anamnesis (zab_leg_06): Nominal\r\n\t\tCases\tFraction\r\n0: no\t\t1684\t99.06%\r\n1: yes\t\t9\t0.53%\r\nMissing\t\t7\t0.41%\r\n35. Systolic blood pressure according to Emergency Cardiology Team (S_AD_KBRIG) (mmHg): Real.\r\n36. Diastolic blood pressure according to Emergency Cardiology Team (D_AD_KBRIG) (mmHg): Real.\r\n37. Systolic blood pressure according to intensive care unit (S_AD_ORIT) (mmHg): Real.\r\n38. Diastolic blood pressure according to intensive care unit (D_AD_ORIT) (mmHg): Real.\r\n39. Pulmonary edema at the time of admission to intensive care unit (O_L_POST): Nominal\r\n\t\tCases\tFraction\r\n0: no\t\t1578\t92.82%\r\n1: yes\t\t110\t6.47%\r\nMissing\t\t12\t0.71%\r\n40. Cardiogenic shock at the time of admission to intensive care unit (K_SH_POST): Nominal\r\n\t\tCases\tFraction\r\n0: no\t\t1639\t96.41%\r\n1: yes\t\t46\t2.71%\r\nMissing\t\t15\t0.88%\r\n41. Paroxysms of atrial fibrillation at the time of admission to intensive care unit, (or at a pre-hospital stage) (MP_TP_POST): Nominal\r\n\t\tCases\tFraction\r\n0: no\t\t1572\t92.47%\r\n1: yes\t\t114\t6.71%\r\nMissing\t\t14\t0.82%\r\n42. Paroxysms of supraventricular tachycardia at the time of admission to intensive care unit, (or at a pre-hospital stage) (SVT_POST): Nominal\r\n\t\tCases\tFraction\r\n0: no\t\t1680\t98.82%\r\n1: yes\t\t8\t0.47%\r\nMissing\t\t12\t0.71%\r\n43. Paroxysms of ventricular tachycardia at the time of admission to intensive care unit, (or at a pre-hospital stage) (GT_POST): Nominal\r\n\t\tCases\tFraction\r\n0: no\t\t1680\t98.82%\r\n1: yes\t\t8\t0.47%\r\nMissing\t\t12\t0.71%\r\n44. Ventricular fibrillation at the time of admission to intensive care unit, (or at a pre-hospital stage) (FIB_G_POST): Nominal\r\n\t\tCases\tFraction\r\n0: no\t\t1673\t98.41%\r\n1: yes\t\t15\t0.88%\r\nMissing\t\t12\t0.71%\r\n45. Presence of an anterior myocardial infarction (left ventricular) (ECG changes in leads V1: V4 ) (ant_im): Ordinal\r\n\t\t\t\t\t\tCases\tFraction\r\n0: there is no infarct in this location\t660\t38.82%\r\n1: QRS has no changes\t\t\t\t392\t23.06%\r\n2: QRS is like QR-complex\t\t\t39\t2.29%\r\n3: QRS is like Qr-complex\t\t\t34\t2.00%\r\n4: QRS is like QS-complex\t\t\t492\t28.94%\r\nMissing\t\t\t\t\t\t83\t4.88%\r\n46. Presence of a lateral myocardial infarction (left ventricular) (ECG changes in leads V5: V6 , I, AVL) (lat_im): Ordinal\r\n\t\t\t\t\tCases\tFraction\r\n0: there is no infarct in this location\t576\t33.88%\r\n1: QRS has no changes\t\t\t838\t49.29%\r\n2: QRS is like QR-complex\t\t97\t5.71%\r\n3: QRS is like Qr-complex\t\t72\t4.24%\r\n4: QRS is like QS-complex\t\t37\t2.18%\r\nMissing\t\t\t\t\t80\t4.71%\r\n47. Presence of an inferior myocardial infarction (left ventricular) (ECG changes in leads III, AVF, II). (inf_im): Ordinal\r\n\t\t\t\t\t\tCases\tFraction\r\n0: there is no infarct in this location\t937\t55.12%\r\n1: QRS has no changes\t\t\t\t195\t11.47%\r\n2: QRS is like QR-complex\t\t\t191\t11.24%\r\n3: QRS is like Qr-complex\t\t\t121\t7.12%\r\n4: QRS is like QS-complex\t\t\t176\t10.35%\r\nMissing\t\t\t\t\t\t80\t4.71%\r\n48. Presence of a posterior myocardial infarction (left ventricular) (ECG changes in V7: V9, reciprocity changes in leads V1 \u00e2\u20ac\u201c V3) (post_im): Ordinal\r\n\t\t\t\t\t\tCases\tFraction\r\n0: there is no infarct in this location\t1370\t80.59%\r\n1: QRS has no changes\t\t\t\t157\t9.24%\r\n2: QRS is like QR-complex\t\t\t52\t3.06%\r\n3: QRS is like Qr-complex\t\t\t35\t2.06%\r\n4: QRS is like QS-complex\t\t\t14\t0.82%\r\nMissing\t\t\t\t\t\t72\t4.24%\r\n49. Presence of a right ventricular myocardial infarction (IM_PG_P): Nominal\r\n\t\tCases\tFraction\r\n0: no\t\t1649\t97.00%\r\n1: yes\t\t50\t2.94%\r\nMissing\t\t1\t0.06%\r\n50. ECG rhythm at the time of admission to hospital: sinus (with a heart rate 60-90) (ritm_ecg_p_01): Nominal\r\n\t\tCases\tFraction\r\n0: no\t\t519\t30.53%\r\n1: yes\t\t1029\t60.53%\r\nMissing\t\t152\t8.94%\r\n51. ECG rhythm at the time of admission to hospital: atrial fibrillation (ritm_ecg_p_02): Nominal\r\n\t\tCases\tFraction\r\n0: no\t\t1453\t85.47%\r\n1: yes\t\t95\t5.59%\r\nMissing\t\t152\t8.94%\r\n52. ECG rhythm at the time of admission to hospital: atrial (ritm_ecg_p_04): Nominal\r\n\t\tCases\tFraction\r\n0: no\t\t1525\t89.71%\r\n1: yes\t\t23\t1.35%\r\nMissing\t\t152\t8.94%\r\n53. ECG rhythm at the time of admission to hospital: idioventricular (ritm_ecg_p_06): Nominal\r\n\t\tCases\tFraction\r\n0: no\t\t1547\t91.00%\r\n1: yes\t\t1\t0.06%\r\nMissing\t\t152\t8.94%\r\n54. ECG rhythm at the time of admission to hospital: sinus with a heart rate above 90 (tachycardia) (ritm_ecg_p_07): Nominal\r\n\t\tCases\tFraction\r\n0: no\t\t1195\t70.29%\r\n1: yes\t\t353\t20.76%\r\nMissing\t\t152\t8.94%\r\n55. ECG rhythm at the time of admission to hospital: sinus with a heart rate below 60 (bradycardia) (ritm_ecg_p_08): Nominal\r\n\t\tCases\tFraction\r\n0: no\t\t1502\t88.35%\r\n1: yes\t\t46\t2.71%\r\nMissing\t\t152\t8.94%\r\n56. Premature atrial contractions on ECG at the time of admission to hospital (n_r_ecg_p_01): Nominal\r\n\t\tCases\tFraction\r\n0: no\t\t1527\t89.82%\r\n1: yes\t\t58\t3.41%\r\nMissing\t\t115\t6.76%\r\n57. Frequent premature atrial contractions on ECG at the time of admission to hospital (n_r_ecg_p_02): Nominal\r\n\t\tCases\tFraction\r\n0: no\t\t1577\t92.76%\r\n1: yes\t\t8\t0.47%\r\nMissing\t\t115\t6.76%\r\n58.Premature ventricular contractions on ECG at the time of admission to hospital (n_r_ecg_p_03): Nominal\r\n\t\tCases\tFraction\r\n0: no\t\t1381\t81.24%\r\n1: yes\t\t204\t12.00%\r\nMissing\t\t115\t6.76%\r\n59. Frequent premature ventricular contractions on ECG at the time of admission to hospital (n_r_ecg_p_04): Nominal\r\n\t\tCases\tFraction\r\n0: no\t\t1516\t89.18%\r\n1: yes\t\t69\t4.06%\r\nMissing\t\t115\t6.76%\r\n60. Paroxysms of atrial fibrillation on ECG at the time of admission to hospital (n_r_ecg_p_05): Nominal\r\n\t\tCases\tFraction\r\n0: no\t\t1515\t89.12%\r\n1: yes\t\t70\t4.12%\r\nMissing\t\t115\t6.76%\r\n61. Persistent form of atrial fibrillation on ECG at the time of admission to hospital (n_r_ecg_p_06): Nominal\r\n\t\tCases\tFraction\r\n0: no\t\t1553\t91.35%\r\n1: yes\t\t32\t1.88%\r\nMissing\t\t115\t6.76%\r\n62. Paroxysms of supraventricular tachycardia on ECG at the time of admission to hospital (n_r_ecg_p_08): Nominal \r\n\t\tCases\tFraction\r\n0: no\t\t1581\t93.00%\r\n1: yes\t\t4\t0.24%\r\nMissing\t\t115\t6.76%\r\n63. Paroxysms of ventricular tachycardia on ECG at the time of admission to hospital (n_r_ecg_p_09): Nominal\r\n\t\tCases\tFraction\r\n0: no\t\t1583\t93.12%\r\n1: yes\t\t2\t0.12%\r\nMissing\t\t115\t6.76%\r\n64. Ventricular fibrillation on ECG at the time of admission to hospital (n_r_ecg_p_10): Nominal\r\n\t\tCases\tFraction\r\n0: no\t\t1583\t93.12%\r\n1: yes\t\t2\t0.12%\r\nMissing\t\t115\t6.76%\r\n65. Sinoatrial block on ECG at the time of admission to hospital (n_p_ecg_p_01): Nominal\r\n\t\tCases\tFraction\r\n0: no\t\t1583\t93.12%\r\n1: yes\t\t2\t0.12%\r\nMissing\t\t115\t6.76%\r\n66. First-degree AV block on ECG at the time of admission to hospital (n_p_ecg_p_03): Nominal\r\n\t\tCases\tFraction\r\n0: no\t\t1553\t91.35%\r\n1: yes\t\t32\t1.88%\r\nMissing\t\t115\t6.76%\r\n67. Type 1 Second-degree AV block (Mobitz I/Wenckebach) on ECG at the time of admission to hospital (n_p_ecg_p_04): Nominal\r\n\t\tCases\tFraction\r\n0: no\t\t1580\t92.94%\r\n1: yes\t\t5\t0.29%\r\nMissing\t\t115\t6.76%\r\n68. Type 2 Second-degree AV block (Mobitz II/Hay) on ECG at the time of admission to hospital (n_p_ecg_p_05): Nominal\r\n\t\tCases\tFraction\r\n0: no\t\t1583\t93.12%\r\n1: yes\t\t2\t0.12%\r\nMissing\t\t115\t6.76%\r\n69. Third-degree AV block on ECG at the time of admission to hospital (n_p_ecg_p_06): Nominal\r\n\t\tCases\tFraction\r\n0: no\t\t1558\t91.65%\r\n1: yes\t\t27\t1.59%\r\nMissing\t\t115\t6.76%\r\n70. LBBB (anterior branch) on ECG at the time of admission to hospital (n_p_ecg_p_07): Nominal\r\n\t\tCases\tFraction\r\n0: no\t\t1483\t87.24%\r\n1: yes\t\t102\t6.00%\r\nMissing\t\t115\t6.76%\r\n71. LBBB (posterior branch) on ECG at the time of admission to hospital (n_p_ecg_p_08): Nominal\r\n\t\tCases\tFraction\r\n0: no\t\t1578\t92.82%\r\n1: yes\t\t7\t0.41%\r\nMissing\t\t115\t6.76%\r\n72. Incomplete LBBB on ECG at the time of admission to hospital (n_p_ecg_p_09): Nominal\r\n\t\tCases\tFraction\r\n0: no\t\t1575\t92.65%\r\n1: yes\t\t10\t0.59%\r\nMissing\t\t115\t6.76%\r\n73. Complete LBBB on ECG at the time of admission to hospital (n_p_ecg_p_10): Nominal\r\n\t\tCases\tFraction\r\n0: no\t\t1551\t91.24%\r\n1: yes\t\t34\t2.00%\r\nMissing\t\t115\t6.76%\r\n74. Incomplete RBBB on ECG at the time of admission to hospital (n_p_ecg_p_11): Nominal\r\n\t\tCases\tFraction\r\n0: no\t\t1557\t91.59%\r\n1: yes\t\t28\t1.65%\r\nMissing\t\t115\t6.76%\r\n75. Complete RBBB on ECG at the time of admission to hospital (n_p_ecg_p_12):\r\n\t\tCases\tFraction\r\n0: no\t\t1507\t88.65%\r\n1: yes\t\t78\t4.59%\r\nMissing\t\t115\t6.76%\r\n76. Fibrinolytic therapy by \u00d0\u00a1\u00d0\u00b5liasum 750k IU (fibr_ter_01): Nominal\r\n\t\tCases\tFraction\r\n0: no\t\t1677\t98.65%\r\n1: yes\t\t13\t0.76%\r\nMissing\t\t10\t0.59%\r\n77. Fibrinolytic therapy by \u00d0\u00a1\u00d0\u00b5liasum 1m IU (fibr_ter_02): Nominal\r\n\t\tCases\tFraction\r\n0: no\t\t1674\t98.47%\r\n1: yes\t\t16\t0.94%\r\nMissing\t\t10\t0.59%\r\n78. Fibrinolytic therapy by \u00d0\u00a1\u00d0\u00b5liasum 3m IU (fibr_ter_03): Nominal\r\n\t\tCases\tFraction\r\n0: no\t\t1622\t95.41%\r\n1: yes\t\t68\t4.00%\r\nMissing\t\t10\t0.59%\r\n79. Fibrinolytic therapy by Streptase (fibr_ter_05): Nominal\r\n\t\tCases\tFraction\r\n0: no\t\t1686\t99.18%\r\n1: yes\t\t4\t0.24%\r\nMissing\t\t10\t0.59%\r\n80. Fibrinolytic therapy by \u00d0\u00a1\u00d0\u00b5liasum 500k IU (fibr_ter_06): Nominal\r\n\t\tCases\tFraction\r\n0: no\t\t1681\t98.88%\r\n1: yes\t\t9\t0.53%\r\nMissing\t\t10\t0.59%\r\n81. Fibrinolytic therapy by \u00d0\u00a1\u00d0\u00b5liasum 250k IU (fibr_ter_07): Nominal\r\n\t\tCases\tFraction\r\n0: no\t\t1684\t99.06%\r\n1: yes\t\t6\t0.35%\r\nMissing\t\t10\t0.59%\r\n82. Fibrinolytic therapy by Streptodecase 1.5m IU (fibr_ter_08): Nominal\r\n\t\tCases\tFraction\r\n0: no\t\t1688\t99.29%\r\n1: yes\t\t2\t0.12%\r\nMissing\t\t10\t0.59%\r\n83. Hypokalemia ( < 4 mmol/L) (GIPO_K): Nominal\r\n\t\tCases\tFraction\r\n0: no\t\t797\t46.88%\r\n1: yes\t\t534\t31.41%\r\nMissing\t\t369\t21.71%\r\n84. Serum potassium content (K_BLOOD) (mmol/L): Real.\r\n85 Increase of sodium in serum (more than 150 mmol/L) (GIPER_Na): Nominal\r\n\t\tCases\tFraction\r\n0: no\t\t1295\t76.18%\r\n1: yes\t\t30\t1.76%\r\nMissing\t\t375\t22.06%\r\n86. Serum sodium content (Na_BLOOD) (mmol/L): Real.\r\n87. Serum AlAT content (ALT_BLOOD) (IU/L): Real.\r\n88. Serum AsAT content (AST_BLOOD) (IU/L): Real.\r\n89. Serum CPK content (KFK_BLOOD) (IU/L): Real.\r\n90. White blood cell count (billions per liter) (L_BLOOD): Real.\r\n91. ESR (Erythrocyte sedimentation rate) (ROE) (\u00d0\u00bc\u00d0\u00bc): Real.\r\n92. Time elapsed from the beginning of the attack of CHD to the hospital (TIME_B_S): Ordinal\r\n\t\t\tCases\tFraction\r\n1: less than 2 hours\t198\t11.65%\r\n2: 2-4 hours\t\t360\t21.18%\r\n3: 4-6 hours\t\t175\t10.29%\r\n4: 6-8 hours\t\t87\t5.12%\r\n5: 8-12 hours\t\t92\t5.41%\r\n6: 12-24 hours\t\t151\t8.88%\r\n7: more than 1 days\t141\t8.29%\r\n8: more than 2 days\t101\t5.94%\r\n9: more than 3 days\t269\t15.82%\r\nMissing\t\t\t126\t7.41%\r\n93. Relapse of the pain in the first hours of the hospital period (R_AB_1_n): Ordinal\r\n\t\t\tCases\tFraction\r\n0: there is no relapse\t1282\t75.41%\r\n1: only one\t\t298\t17.53%\r\n2: 2 times\t\t78\t4.59%\r\n3: 3 or more times \t26\t1.53%\r\nMissing\t\t\t16\t0.94%\r\n94. Relapse of the pain in the second day of the hospital period (R_AB_2_n): Ordinal\r\n\t\t\tCases\tFraction\r\n0: there is no relapse\t1414\t83.18%\r\n1: only one\t\t133\t7.82%\r\n2: 2 times\t\t44\t2.59%\r\n3: 3 or more times \t1\t0.06%\r\nMissing\t\t\t108\t6.35%\r\n95. Relapse of the pain in the third day of the hospital period (R_AB_3_n): Ordinal\r\n\t\t\tCases\tFraction\r\n0: there is no relapse\t1469\t86.41%\r\n1: only one\t\t86\t5.06%\r\n2: 2 times\t\t15\t0.88%\r\n3: 3 or more times\t2\t0.12%\r\nMissing\t\t\t1469\t86.41%\r\n96. Use of opioid drugs by the Emergency Cardiology Team (NA_KB): Nominal\r\n\t\tCases\tFraction\r\n0: no\t\t425\t25.00%\r\n1: yes\t\t618\t36.35%\r\nMissing\t\t657\t38.65%\r\n97. Use of NSAIDs by the Emergency Cardiology Team (NOT_NA_KB): Nominal\r\n\t\tCases\tFraction\r\n0: no\t\t313\t18.41%\r\n1: yes\t\t701\t41.23%\r\nMissing\t\t375\t22.06%\r\n98.Use of lidocaine by the Emergency Cardiology Team (LID_KB): Nominal\r\n\t\tCases\tFraction\r\n0: no\t\t627\t36.88%\r\n1: yes\t\t396\t23.29%\r\nMissing\t\t677\t39.82%\r\n99. Use of liquid nitrates in the ICU (NITR_S): Nominal\r\n\t\tCases\tFraction\r\n0: no\t\t1496\t88.00%\r\n1: yes\t\t195\t11.47%\r\nMissing\t\t9\t0.53%\r\n100. Use of opioid drugs in the ICU in the first hours of the hospital period (NA_R_1_n): Ordinal\r\n\t\tCases\tFraction\r\n0: no\t\t1108\t65.18%\r\n1: once\t409\t24.06%\r\n2: twice\t132\t7.76%\r\n3: three times\t35\t2.06%\r\n4: four times\t11\t0.65%\r\nMissing\t\t5\t0.29%\t\r\n101. Use of opioid drugs in the ICU in the second day of the hospital period (NA_R_2_n): Ordinal\r\n\t\tCases\tFraction\r\n0: no\t\t1474\t86.71%\r\n1: once\t87\t5.12%\r\n2: twice\t30\t1.76%\r\n3: three times\t1\t0.06%\r\nMissing\t\t108\t6.35%\r\n102. Use of opioid drugs in the ICU in the third day of the hospital period (NA_R_3_n): Ordinal\r\n\t\tCases\tFraction\r\n0: no\t\t1493\t87.82%\r\n1: once\t60\t3.53%\r\n2: twice\t16\t0.94%\r\nMissing\t\t131\t7.71%\r\n103. Use of NSAIDs in the ICU in the first hours of the hospital period (NOT_NA_1_n): Ordinal\r\n\t\t\tCases\tFraction\r\n0: no\t\t\t1237\t72.76%\r\n1: once\t\t376\t22.12%\r\n2: twice\t\t53\t3.12%\r\n3: three times\t\t17\t1.00%\r\n4: four or more times\t7\t0.41%\r\nMissing\t\t\t10\t0.59%\r\n104. Use of NSAIDs in the ICU in the second day of the hospital period (NOT_NA_2_n): Ordinal\r\n\t\tCases\tFraction\r\n0: no\t\t1454\t85.53%\r\n1: once\t95\t5.59%\r\n2: twice\t38\t2.24%\r\n3: three times\t3\t0.18%\r\nMissing\t\t110\t6.47%\r\n105. Use of NSAIDs in the ICU in the third day of the hospital period (NOT_NA_3_n): Ordinal\r\n\t\tCases\tFraction\r\n0: no\t\t1474\t86.71%\r\n1: once\t57\t3.35%\r\n2: twice\t38\t2.24%\r\nMissing\t\t131\t7.71%\r\n106. Use of lidocaine in the ICU (LID_S_n): Nominal\r\n\t\tCases\tFraction\r\n0: no\t\t1211\t71.24%\r\n1: yes\t\t479\t28.18%\r\nMissing\t\t10\t0.59%\r\n107. Use of beta-blockers in the ICU (B_BLOK_S_n): Nominal\r\n\t\tCases\tFraction\r\n0: no\t\t1474\t86.71%\r\n1: yes\t\t215\t12.65%\r\nMissing\t\t11\t0.65%\r\n108. Use of calcium channel blockers in the ICU (ANT_CA_S_n): Nominal\r\n\t\tCases\tFraction\r\n0: no\t\t562\t33.06%\r\n1: yes\t\t1125\t66.18%\r\nMissing\t\t13\t0.76%\r\n109. Use of \u00d0\u00b0 anticoagulants (heparin) in the ICU (GEPAR_S_n): Nominal\r\n\t\tCases\tFraction\r\n0: no\t\t480\t28.24%\r\n1: yes\t\t1203\t70.76%\r\nMissing\t\t17\t1.00%\r\n110. Use of acetylsalicylic acid in the ICU (ASP_S_n): Nominal\r\n\t\tCases\tFraction\r\n0: no\t\t431\t25.35%\r\n1: yes\t\t1252\t73.65%\r\nMissing\t\t17\t1.00%\r\n111. Use of Ticlid in the ICU (TIKL_S_n): Nominal\r\n\t\tCases\tFraction\r\n0: no\t\t1654\t97.29%\r\n1: yes\t\t30\t1.76%\r\nMissing\t\t16\t0.94%\r\n112. Use of Trental in the ICU (TRENT_S_n): Nominal\r\n\t\tCases\tFraction\r\n0: no\t\t1343\t79.00%\r\n1: yes\t\t341\t20.06%\r\nMissing\t\t16\t0.94%\r\n\r\nComplications and outcomes of myocardial infarction: \r\n\r\n113. Atrial fibrillation (FIBR_PREDS): Nominal\r\n\t\tCases\tFraction\r\n0: no\t\t1530\t90.00%\r\n1: yes \t170\t10.00%\r\nMissing\t\t0\t0%\r\n114. Supraventricular tachycardia (PREDS_TAH): Nominal\r\n\t\tCases\tFraction\r\n0: no\t\t1680\t98.82%\r\n1: yes \t20\t1.18%\r\nMissing\t\t0\t0%\r\n115. Ventricular tachycardia (JELUD_TAH): Nominal\r\n\t\tCases\tFraction\r\n0: no\t\t1658\t97.53%\r\n1: yes \t42\t2.47%\r\nMissing\t\t0\t0%\r\n116. Ventricular fibrillation (FIBR_JELUD): Nominal\r\n\t\tCases\tFraction\r\n0: no\t\t1629\t95.82%\r\n1: yes \t71\t4.18%\r\nMissing\t\t0\t0%\r\n117. Third-degree AV block (A_V_BLOK): Nominal\r\n\t\tCases\tFraction\r\n0: no\t\t1643\t96.65%\r\n1: yes \t57\t3.35%\r\nMissing\t\t0\t0%\r\n118. Pulmonary edema (OTEK_LANC): Nominal\r\n\t\tCases\tFraction\r\n0: no\t\t1541\t90.65%\r\n1: yes \t159\t9.35%\r\nMissing\t\t0\t0%\r\n119. Myocardial rupture (RAZRIV): Nominal\r\n\t\tCases\tFraction\r\n0: no\t\t1646\t96.82%\r\n1: yes \t54\t3.18%\r\nMissing\t\t0\t0%\r\n120. Dressler syndrome (DRESSLER): Nominal\r\n\t\tCases\tFraction\r\n0: no\t\t1625\t95.59%\r\n1: yes \t75\t4.41%\r\nMissing\t\t0\t0%\r\n121. Chronic heart failure (ZSN): Nominal\r\n\t\tCases\tFraction\r\n0: no\t\t1306\t76.82%\r\n1: yes \t394\t23.18%\r\nMissing\t\t0\t0%\r\n122. Relapse of the myocardial infarction (REC_IM): Nominal\r\n\t\tCases\tFraction\r\n0: no\t\t1541\t90.65%\r\n1: yes \t159\t9.35%\r\nMissing\t\t0\t0%\r\n123. Post-infarction angina (P_IM_STEN): Nominal\r\n\t\tCases\tFraction\r\n0: no\t\t1552\t91.29%\r\n1: yes \t148\t8.71%\r\nMissing\t\t0\t0%\r\n124. Lethal outcome (cause) (LET_IS): Structure\r\n\t\t\t\t\t\tCases\tFraction\r\n0: unknown (alive)\t\t\t\t1429\t84.06%\r\n1: cardiogenic shock\t\t\t\t110\t6.47%\r\n2: pulmonary edema\t\t\t\t18\t1.06%\r\n3: myocardial rupture\t\t\t\t54\t3.18%\r\n4: progress of congestive heart failure\t23\t1.35%\r\n5: thromboembolism\t\t\t\t12\t0.71%\r\n6: asystole\t\t\t\t\t27\t1.59%\r\n7: ventricular fibrillation\t\t\t27\t1.59%\r\nMissing\t\t\t\t\t\t0\t0%\r\n\r\nSummary statistics for real attributes\r\nAttribute\tMin\tMax\tMean\tSTD\tMissing cases\tMissing fraction\r\nAge\t\t26\t92\t61.86\t11.26\t8\t\t0.47%\r\nS_AD_KBRIG\t0\t260\t136.91\t34.97\t1076\t\t63.29%\r\nD_AD_KBRIG\t0\t190\t81.39\t19.73\t1076\t\t63.29%\r\nS_AD_ORIT\t0\t260\t134.59\t31.34\t267\t\t15.71%\r\nD_AD_ORIT\t0\t190\t82.75\t18.31\t267\t\t15.71%\r\nK_BLOOD\t\t2.3\t8.2\t4.19\t0.75\t371\t\t21.82%\r\nNa_BLOOD\t117\t169\t136.55\t6.51\t375\t\t22.06%\r\nALT_BLOOD\t0.03\t3\t0.48\t0.39\t284\t\t16.71%\r\nAST_BLOOD\t0.04\t2.15\t0.26\t0.2\t285\t\t16.67%\r\nKFK_BLOOD\t1.2\t3.6\t2\t0.95\t1696\t\t99.76%\r\nL_BLOOD\t\t2\t27.9\t8.78\t3.40\t125\t\t7.35%\r\nROE\t\t1\t140\t13.44\t11.29\t203\t\t19.94%",
        "citation": null
    }
}